"sentence_id"	"post_id"	"conversation_id"	"disease_id"	"start_index"	"end_index"
1880352762	HIF2016_DIS00_CONV00_POST000	HIF2016_DIS00_CONV00	HIF2016_DIS00	1	60
2103490373	HIF2016_DIS00_CONV00_POST000	HIF2016_DIS00_CONV00	HIF2016_DIS00	60	263
562514089	HIF2016_DIS00_CONV00_POST000	HIF2016_DIS00_CONV00	HIF2016_DIS00	264	506
983780520	HIF2016_DIS00_CONV00_POST000	HIF2016_DIS00_CONV00	HIF2016_DIS00	507	590
849700531	HIF2016_DIS00_CONV00_POST000	HIF2016_DIS00_CONV00	HIF2016_DIS00	591	669
1892450727	HIF2016_DIS00_CONV00_POST000	HIF2016_DIS00_CONV00	HIF2016_DIS00	669	744
1704311769	HIF2016_DIS00_CONV00_POST000	HIF2016_DIS00_CONV00	HIF2016_DIS00	745	795
1453867436	HIF2016_DIS00_CONV00_POST000	HIF2016_DIS00_CONV00	HIF2016_DIS00	795	812
1083744548	HIF2016_DIS00_CONV00_POST001	HIF2016_DIS00_CONV00	HIF2016_DIS00	1	39
350940492	HIF2016_DIS00_CONV00_POST002	HIF2016_DIS00_CONV00	HIF2016_DIS00	1	60
1099837313	HIF2016_DIS00_CONV00_POST002	HIF2016_DIS00_CONV00	HIF2016_DIS00	60	203
1422180636	HIF2016_DIS00_CONV00_POST002	HIF2016_DIS00_CONV00	HIF2016_DIS00	203	296
1934892816	HIF2016_DIS00_CONV00_POST002	HIF2016_DIS00_CONV00	HIF2016_DIS00	296	357
1902757391	HIF2016_DIS00_CONV00_POST002	HIF2016_DIS00_CONV00	HIF2016_DIS00	357	412
1882214592	HIF2016_DIS00_CONV00_POST002	HIF2016_DIS00_CONV00	HIF2016_DIS00	412	524
513567436	HIF2016_DIS00_CONV00_POST002	HIF2016_DIS00_CONV00	HIF2016_DIS00	524	569
416554499	HIF2016_DIS00_CONV00_POST002	HIF2016_DIS00_CONV00	HIF2016_DIS00	569	614
684960171	HIF2016_DIS00_CONV00_POST002	HIF2016_DIS00_CONV00	HIF2016_DIS00	614	687
404906152	HIF2016_DIS00_CONV00_POST003	HIF2016_DIS00_CONV00	HIF2016_DIS00	1	128
230350390	HIF2016_DIS00_CONV00_POST003	HIF2016_DIS00_CONV00	HIF2016_DIS00	128	273
891130275	HIF2016_DIS00_CONV00_POST003	HIF2016_DIS00_CONV00	HIF2016_DIS00	274	373
1985709305	HIF2016_DIS00_CONV00_POST003	HIF2016_DIS00_CONV00	HIF2016_DIS00	373	462
2143623069	HIF2016_DIS00_CONV00_POST003	HIF2016_DIS00_CONV00	HIF2016_DIS00	462	518
1899162147	HIF2016_DIS00_CONV00_POST003	HIF2016_DIS00_CONV00	HIF2016_DIS00	518	563
84026695	HIF2016_DIS00_CONV00_POST003	HIF2016_DIS00_CONV00	HIF2016_DIS00	563	642
6684026695	HIF2016_DIS00_CONV00_POST003	HIF2016_DIS00_CONV00	HIF2016_DIS00	642	820
911422625	HIF2016_DIS00_CONV00_POST003	HIF2016_DIS00_CONV00	HIF2016_DIS00	821	978
1281066004	HIF2016_DIS00_CONV00_POST003	HIF2016_DIS00_CONV00	HIF2016_DIS00	978	1105
1029256788	HIF2016_DIS00_CONV00_POST003	HIF2016_DIS00_CONV00	HIF2016_DIS00	1105	1172
576436274	HIF2016_DIS00_CONV00_POST004	HIF2016_DIS00_CONV00	HIF2016_DIS00	1	22
866997827	HIF2016_DIS00_CONV00_POST004	HIF2016_DIS00_CONV00	HIF2016_DIS00	22	69
1536643017	HIF2016_DIS00_CONV00_POST004	HIF2016_DIS00_CONV00	HIF2016_DIS00	69	143
2043428188	HIF2016_DIS00_CONV00_POST004	HIF2016_DIS00_CONV00	HIF2016_DIS00	143	186
1203401400	HIF2016_DIS00_CONV00_POST004	HIF2016_DIS00_CONV00	HIF2016_DIS00	186	311
2131799626	HIF2016_DIS00_CONV00_POST004	HIF2016_DIS00_CONV00	HIF2016_DIS00	311	438
83126042	HIF2016_DIS00_CONV00_POST004	HIF2016_DIS00_CONV00	HIF2016_DIS00	438	480
1513714680	HIF2016_DIS00_CONV00_POST004	HIF2016_DIS00_CONV00	HIF2016_DIS00	480	618
1599229961	HIF2016_DIS00_CONV00_POST004	HIF2016_DIS00_CONV00	HIF2016_DIS00	618	649
2012718212	HIF2016_DIS00_CONV00_POST004	HIF2016_DIS00_CONV00	HIF2016_DIS00	649	713
194659775	HIF2016_DIS00_CONV00_POST004	HIF2016_DIS00_CONV00	HIF2016_DIS00	713	835
253016793	HIF2016_DIS00_CONV00_POST004	HIF2016_DIS00_CONV00	HIF2016_DIS00	835	910
2078831917	HIF2016_DIS00_CONV00_POST004	HIF2016_DIS00_CONV00	HIF2016_DIS00	910	1071
2015366979	HIF2016_DIS00_CONV00_POST004	HIF2016_DIS00_CONV00	HIF2016_DIS00	1071	1112
2104219107	HIF2016_DIS00_CONV00_POST004	HIF2016_DIS00_CONV00	HIF2016_DIS00	1112	1377
1293426315	HIF2016_DIS00_CONV00_POST005	HIF2016_DIS00_CONV00	HIF2016_DIS00	1	187
852527090	HIF2016_DIS00_CONV00_POST005	HIF2016_DIS00_CONV00	HIF2016_DIS00	187	286
825649104	HIF2016_DIS00_CONV00_POST005	HIF2016_DIS00_CONV00	HIF2016_DIS00	286	369
4605579	HIF2016_DIS00_CONV00_POST005	HIF2016_DIS00_CONV00	HIF2016_DIS00	370	473
1253296586	HIF2016_DIS00_CONV00_POST006	HIF2016_DIS00_CONV00	HIF2016_DIS00	1	95
874000542	HIF2016_DIS00_CONV00_POST006	HIF2016_DIS00_CONV00	HIF2016_DIS00	95	215
1356572612	HIF2016_DIS00_CONV00_POST006	HIF2016_DIS00_CONV00	HIF2016_DIS00	215	321
1968609893	HIF2016_DIS00_CONV00_POST006	HIF2016_DIS00_CONV00	HIF2016_DIS00	322	374
48226202	HIF2016_DIS00_CONV00_POST006	HIF2016_DIS00_CONV00	HIF2016_DIS00	374	491
461306088	HIF2016_DIS00_CONV00_POST007	HIF2016_DIS00_CONV00	HIF2016_DIS00	1	51
444306088	HIF2016_DIS00_CONV00_POST007	HIF2016_DIS00_CONV00	HIF2016_DIS00	51	88
1973137300	HIF2016_DIS00_CONV00_POST007	HIF2016_DIS00_CONV00	HIF2016_DIS00	88	164
1127226888	HIF2016_DIS00_CONV00_POST007	HIF2016_DIS00_CONV00	HIF2016_DIS00	164	204
1415648171	HIF2016_DIS00_CONV00_POST007	HIF2016_DIS00_CONV00	HIF2016_DIS00	204	240
1048713060	HIF2016_DIS00_CONV00_POST007	HIF2016_DIS00_CONV00	HIF2016_DIS00	240	333
847013507	HIF2016_DIS00_CONV00_POST007	HIF2016_DIS00_CONV00	HIF2016_DIS00	334	401
427319535	HIF2016_DIS00_CONV00_POST007	HIF2016_DIS00_CONV00	HIF2016_DIS00	401	466
168838385	HIF2016_DIS00_CONV00_POST007	HIF2016_DIS00_CONV00	HIF2016_DIS00	467	585
884076467	HIF2016_DIS00_CONV00_POST008	HIF2016_DIS00_CONV00	HIF2016_DIS00	1	25
1970634392	HIF2016_DIS00_CONV00_POST008	HIF2016_DIS00_CONV00	HIF2016_DIS00	26	60
1695120148	HIF2016_DIS00_CONV00_POST008	HIF2016_DIS00_CONV00	HIF2016_DIS00	61	113
905694708	HIF2016_DIS00_CONV00_POST008	HIF2016_DIS00_CONV00	HIF2016_DIS00	114	145
1928351442	HIF2016_DIS00_CONV00_POST008	HIF2016_DIS00_CONV00	HIF2016_DIS00	146	173
1889137670	HIF2016_DIS00_CONV00_POST008	HIF2016_DIS00_CONV00	HIF2016_DIS00	174	239
1485471082	HIF2016_DIS00_CONV00_POST009	HIF2016_DIS00_CONV00	HIF2016_DIS00	1	155
506218659	HIF2016_DIS00_CONV00_POST009	HIF2016_DIS00_CONV00	HIF2016_DIS00	155	219
2022711636	HIF2016_DIS00_CONV00_POST010	HIF2016_DIS00_CONV00	HIF2016_DIS00	1	134
824939865	HIF2016_DIS00_CONV00_POST010	HIF2016_DIS00_CONV00	HIF2016_DIS00	134	242
958828112	HIF2016_DIS00_CONV00_POST010	HIF2016_DIS00_CONV00	HIF2016_DIS00	242	418
1530688725	HIF2016_DIS00_CONV00_POST010	HIF2016_DIS00_CONV00	HIF2016_DIS00	418	528
1093819964	HIF2016_DIS00_CONV00_POST010	HIF2016_DIS00_CONV00	HIF2016_DIS00	528	669
2083472814	HIF2016_DIS00_CONV00_POST010	HIF2016_DIS00_CONV00	HIF2016_DIS00	670	734
675681116	HIF2016_DIS00_CONV00_POST010	HIF2016_DIS00_CONV00	HIF2016_DIS00	734	814
446420219	HIF2016_DIS00_CONV00_POST010	HIF2016_DIS00_CONV00	HIF2016_DIS00	814	870
13370972	HIF2016_DIS00_CONV00_POST010	HIF2016_DIS00_CONV00	HIF2016_DIS00	870	896
684200588	HIF2016_DIS00_CONV00_POST011	HIF2016_DIS00_CONV00	HIF2016_DIS00	1	89
1274494904	HIF2016_DIS00_CONV00_POST011	HIF2016_DIS00_CONV00	HIF2016_DIS00	89	285
616254719	HIF2016_DIS00_CONV00_POST012	HIF2016_DIS00_CONV00	HIF2016_DIS00	1	94
319497283	HIF2016_DIS00_CONV00_POST012	HIF2016_DIS00_CONV00	HIF2016_DIS00	94	293
1437582572	HIF2016_DIS00_CONV00_POST012	HIF2016_DIS00_CONV00	HIF2016_DIS00	293	386
1193887976	HIF2016_DIS00_CONV00_POST012	HIF2016_DIS00_CONV00	HIF2016_DIS00	386	455
45297449	HIF2016_DIS00_CONV00_POST013	HIF2016_DIS00_CONV00	HIF2016_DIS00	1	24
2007970097	HIF2016_DIS00_CONV00_POST013	HIF2016_DIS00_CONV00	HIF2016_DIS00	24	42
531751458	HIF2016_DIS00_CONV00_POST013	HIF2016_DIS00_CONV00	HIF2016_DIS00	42	151
49682307	HIF2016_DIS00_CONV00_POST013	HIF2016_DIS00_CONV00	HIF2016_DIS00	151	236
1310715425	HIF2016_DIS00_CONV00_POST014	HIF2016_DIS00_CONV00	HIF2016_DIS00	1	59
1761008975	HIF2016_DIS00_CONV00_POST014	HIF2016_DIS00_CONV00	HIF2016_DIS00	59	117
2007254804	HIF2016_DIS00_CONV00_POST014	HIF2016_DIS00_CONV00	HIF2016_DIS00	117	151
1508778260	HIF2016_DIS00_CONV00_POST014	HIF2016_DIS00_CONV00	HIF2016_DIS00	151	242
1727030083	HIF2016_DIS00_CONV00_POST014	HIF2016_DIS00_CONV00	HIF2016_DIS00	242	343
377740334	HIF2016_DIS00_CONV00_POST014	HIF2016_DIS00_CONV00	HIF2016_DIS00	343	430
1929304761	HIF2016_DIS00_CONV00_POST014	HIF2016_DIS00_CONV00	HIF2016_DIS00	430	513
1384300374	HIF2016_DIS00_CONV00_POST015	HIF2016_DIS00_CONV00	HIF2016_DIS00	1	32
1613839439	HIF2016_DIS00_CONV00_POST015	HIF2016_DIS00_CONV00	HIF2016_DIS00	32	123
298576350	HIF2016_DIS00_CONV00_POST015	HIF2016_DIS00_CONV00	HIF2016_DIS00	123	192
1250641283	HIF2016_DIS00_CONV00_POST015	HIF2016_DIS00_CONV00	HIF2016_DIS00	192	324
1040177429	HIF2016_DIS00_CONV00_POST015	HIF2016_DIS00_CONV00	HIF2016_DIS00	324	623
1333177429	HIF2016_DIS00_CONV00_POST015	HIF2016_DIS00_CONV00	HIF2016_DIS00	624	752
1764592183	HIF2016_DIS00_CONV00_POST015	HIF2016_DIS00_CONV00	HIF2016_DIS00	753	928
1276742411	HIF2016_DIS00_CONV00_POST015	HIF2016_DIS00_CONV00	HIF2016_DIS00	929	1028
1438146650	HIF2016_DIS00_CONV00_POST015	HIF2016_DIS00_CONV00	HIF2016_DIS00	1029	1136
385839648	HIF2016_DIS00_CONV00_POST015	HIF2016_DIS00_CONV00	HIF2016_DIS00	1136	1191
652765309	HIF2016_DIS00_CONV00_POST015	HIF2016_DIS00_CONV00	HIF2016_DIS00	1191	1358
303415921	HIF2016_DIS00_CONV00_POST015	HIF2016_DIS00_CONV00	HIF2016_DIS00	1358	1419
1401109051	HIF2016_DIS00_CONV00_POST015	HIF2016_DIS00_CONV00	HIF2016_DIS00	1419	1609
1546256257	HIF2016_DIS00_CONV00_POST015	HIF2016_DIS00_CONV00	HIF2016_DIS00	1610	1922
815904654	HIF2016_DIS00_CONV00_POST015	HIF2016_DIS00_CONV00	HIF2016_DIS00	1923	2121
1176256428	HIF2016_DIS00_CONV00_POST015	HIF2016_DIS00_CONV00	HIF2016_DIS00	2121	2283
1537848667	HIF2016_DIS00_CONV00_POST015	HIF2016_DIS00_CONV00	HIF2016_DIS00	2283	2381
53998922	HIF2016_DIS00_CONV00_POST015	HIF2016_DIS00_CONV00	HIF2016_DIS00	2381	2519
2098053457	HIF2016_DIS00_CONV00_POST015	HIF2016_DIS00_CONV00	HIF2016_DIS00	2520	2849
932573176	HIF2016_DIS00_CONV00_POST015	HIF2016_DIS00_CONV00	HIF2016_DIS00	2849	2982
1996368303	HIF2016_DIS00_CONV00_POST015	HIF2016_DIS00_CONV00	HIF2016_DIS00	2983	3149
818690629	HIF2016_DIS00_CONV00_POST015	HIF2016_DIS00_CONV00	HIF2016_DIS00	3149	3176
1450954184	HIF2016_DIS00_CONV00_POST015	HIF2016_DIS00_CONV00	HIF2016_DIS00	3176	3211
1124307172	HIF2016_DIS00_CONV00_POST015	HIF2016_DIS00_CONV00	HIF2016_DIS00	3211	3240
2002230195	HIF2016_DIS00_CONV00_POST015	HIF2016_DIS00_CONV00	HIF2016_DIS00	3240	3244
38991541	HIF2016_DIS00_CONV00_POST015	HIF2016_DIS00_CONV00	HIF2016_DIS00	3245	3516
1247300863	HIF2016_DIS00_CONV00_POST016	HIF2016_DIS00_CONV00	HIF2016_DIS00	3516	3521
1233585857	HIF2016_DIS00_CONV00_POST016	HIF2016_DIS00_CONV00	HIF2016_DIS00	3521	3859
1823398424	HIF2016_DIS00_CONV00_POST016	HIF2016_DIS00_CONV00	HIF2016_DIS00	3859	3997
2128242225	HIF2016_DIS00_CONV00_POST016	HIF2016_DIS00_CONV00	HIF2016_DIS00	3998	4107
632287419	HIF2016_DIS00_CONV00_POST016	HIF2016_DIS00_CONV00	HIF2016_DIS00	4107	4153
1174326556	HIF2016_DIS00_CONV00_POST016	HIF2016_DIS00_CONV00	HIF2016_DIS00	1	46
1560385991	HIF2016_DIS00_CONV00_POST016	HIF2016_DIS00_CONV00	HIF2016_DIS00	46	92
1069275615	HIF2016_DIS00_CONV00_POST016	HIF2016_DIS00_CONV00	HIF2016_DIS00	92	180
1194507256	HIF2016_DIS00_CONV00_POST016	HIF2016_DIS00_CONV00	HIF2016_DIS00	180	373
108372539	HIF2016_DIS00_CONV00_POST016	HIF2016_DIS00_CONV00	HIF2016_DIS00	373	472
301921109	HIF2016_DIS00_CONV00_POST017	HIF2016_DIS00_CONV00	HIF2016_DIS00	473	528
455739995	HIF2016_DIS00_CONV00_POST017	HIF2016_DIS00_CONV00	HIF2016_DIS00	529	591
657558651	HIF2016_DIS00_CONV00_POST017	HIF2016_DIS00_CONV00	HIF2016_DIS00	592	635
501989083	HIF2016_DIS00_CONV00_POST017	HIF2016_DIS00_CONV00	HIF2016_DIS00	635	754
726135070	HIF2016_DIS00_CONV00_POST017	HIF2016_DIS00_CONV00	HIF2016_DIS00	756	802
695886759	HIF2016_DIS00_CONV00_POST017	HIF2016_DIS00_CONV00	HIF2016_DIS00	1	53
1787495488	HIF2016_DIS00_CONV00_POST017	HIF2016_DIS00_CONV00	HIF2016_DIS00	53	129
565192801	HIF2016_DIS00_CONV00_POST017	HIF2016_DIS00_CONV00	HIF2016_DIS00	129	234
1703960065	HIF2016_DIS00_CONV00_POST017	HIF2016_DIS00_CONV00	HIF2016_DIS00	234	364
740943601	HIF2016_DIS00_CONV00_POST017	HIF2016_DIS00_CONV00	HIF2016_DIS00	364	517
2099491864	HIF2016_DIS00_CONV00_POST018	HIF2016_DIS00_CONV00	HIF2016_DIS00	517	604
1234231342	HIF2016_DIS00_CONV00_POST018	HIF2016_DIS00_CONV00	HIF2016_DIS00	604	717
8763782392	HIF2016_DIS00_CONV00_POST018	HIF2016_DIS00_CONV00	HIF2016_DIS00	717	864
6352728193	HIF2016_DIS00_CONV00_POST018	HIF2016_DIS00_CONV00	HIF2016_DIS00	864	951
1989475036	HIF2016_DIS00_CONV00_POST018	HIF2016_DIS00_CONV00	HIF2016_DIS00	952	1113
1474854232	HIF2016_DIS00_CONV00_POST018	HIF2016_DIS00_CONV00	HIF2016_DIS00	1113	1116
132943231	HIF2016_DIS00_CONV00_POST018	HIF2016_DIS00_CONV00	HIF2016_DIS00	1	316
495028091	HIF2016_DIS00_CONV00_POST018	HIF2016_DIS00_CONV00	HIF2016_DIS00	316	477
1861523350	HIF2016_DIS00_CONV00_POST018	HIF2016_DIS00_CONV00	HIF2016_DIS00	478	552
129283945	HIF2016_DIS00_CONV00_POST018	HIF2016_DIS00_CONV00	HIF2016_DIS00	552	581
1705838709	HIF2016_DIS00_CONV00_POST018	HIF2016_DIS00_CONV00	HIF2016_DIS00	581	719
226919767	HIF2016_DIS00_CONV00_POST018	HIF2016_DIS00_CONV00	HIF2016_DIS00	720	885
1254956611	HIF2016_DIS00_CONV00_POST018	HIF2016_DIS00_CONV00	HIF2016_DIS00	885	1162
1467539331	HIF2016_DIS00_CONV00_POST019	HIF2016_DIS00_CONV00	HIF2016_DIS00	1162	1224
1891875383	HIF2016_DIS00_CONV00_POST019	HIF2016_DIS00_CONV00	HIF2016_DIS00	1224	1270
1111415162	HIF2016_DIS00_CONV00_POST019	HIF2016_DIS00_CONV00	HIF2016_DIS00	1271	1320
656051308	HIF2016_DIS00_CONV00_POST019	HIF2016_DIS00_CONV00	HIF2016_DIS00	1320	1414
1054355901	HIF2016_DIS00_CONV00_POST019	HIF2016_DIS00_CONV00	HIF2016_DIS00	1414	1468
299190381	HIF2016_DIS00_CONV00_POST019	HIF2016_DIS00_CONV00	HIF2016_DIS00	1468	1513
1397950897	HIF2016_DIS00_CONV00_POST019	HIF2016_DIS00_CONV00	HIF2016_DIS00	1513	1681
2134041587	HIF2016_DIS00_CONV00_POST019	HIF2016_DIS00_CONV00	HIF2016_DIS00	1681	1888
1207916771	HIF2016_DIS00_CONV00_POST019	HIF2016_DIS00_CONV00	HIF2016_DIS00	1	13
238359850	HIF2016_DIS00_CONV00_POST019	HIF2016_DIS00_CONV00	HIF2016_DIS00	13	36
409444519	HIF2016_DIS00_CONV00_POST019	HIF2016_DIS00_CONV00	HIF2016_DIS00	36	176
857911515	HIF2016_DIS00_CONV00_POST019	HIF2016_DIS00_CONV00	HIF2016_DIS00	176	230
1127112609	HIF2016_DIS00_CONV00_POST019	HIF2016_DIS00_CONV00	HIF2016_DIS00	230	385
779679723	HIF2016_DIS00_CONV00_POST019	HIF2016_DIS00_CONV00	HIF2016_DIS00	385	524
1660379540	HIF2016_DIS00_CONV00_POST020	HIF2016_DIS00_CONV00	HIF2016_DIS00	524	573
180789881	HIF2016_DIS00_CONV00_POST020	HIF2016_DIS00_CONV00	HIF2016_DIS00	573	612
1128884081	HIF2016_DIS00_CONV00_POST020	HIF2016_DIS00_CONV00	HIF2016_DIS00	612	644
1701777892	HIF2016_DIS00_CONV00_POST020	HIF2016_DIS00_CONV00	HIF2016_DIS00	644	750
2117334290	HIF2016_DIS00_CONV00_POST020	HIF2016_DIS00_CONV00	HIF2016_DIS00	750	805
1872848743	HIF2016_DIS00_CONV00_POST021	HIF2016_DIS00_CONV00	HIF2016_DIS00	805	854
490551374	HIF2016_DIS00_CONV00_POST021	HIF2016_DIS00_CONV00	HIF2016_DIS00	854	1009
1431072614	HIF2016_DIS00_CONV00_POST021	HIF2016_DIS00_CONV00	HIF2016_DIS00	1009	1127
1774739970	HIF2016_DIS00_CONV00_POST021	HIF2016_DIS00_CONV00	HIF2016_DIS00	1127	1130
1594666414	HIF2016_DIS00_CONV00_POST021	HIF2016_DIS00_CONV00	HIF2016_DIS00	1	84
78135332	HIF2016_DIS00_CONV00_POST021	HIF2016_DIS00_CONV00	HIF2016_DIS00	84	216
311294565	HIF2016_DIS00_CONV00_POST021	HIF2016_DIS00_CONV00	HIF2016_DIS00	217	326
655957957	HIF2016_DIS00_CONV00_POST022	HIF2016_DIS00_CONV00	HIF2016_DIS00	326	402
94382661	HIF2016_DIS00_CONV00_POST022	HIF2016_DIS00_CONV00	HIF2016_DIS00	402	472
1330540504	HIF2016_DIS00_CONV00_POST023	HIF2016_DIS00_CONV00	HIF2016_DIS00	1	59
308766055	HIF2016_DIS00_CONV00_POST023	HIF2016_DIS00_CONV00	HIF2016_DIS00	62	74
98271153	HIF2016_DIS00_CONV00_POST023	HIF2016_DIS00_CONV00	HIF2016_DIS00	77	142
1062513426	HIF2016_DIS00_CONV00_POST023	HIF2016_DIS00_CONV00	HIF2016_DIS00	145	175
546946599	HIF2016_DIS00_CONV00_POST023	HIF2016_DIS00_CONV00	HIF2016_DIS00	178	191
379538835	HIF2016_DIS00_CONV00_POST023	HIF2016_DIS00_CONV00	HIF2016_DIS00	192	252
920634107	HIF2016_DIS00_CONV00_POST023	HIF2016_DIS00_CONV00	HIF2016_DIS00	253	272
1996941500	HIF2016_DIS00_CONV00_POST023	HIF2016_DIS00_CONV00	HIF2016_DIS00	273	288
1737056500	HIF2016_DIS00_CONV00_POST024	HIF2016_DIS00_CONV00	HIF2016_DIS00	289	371
1755556500	HIF2016_DIS00_CONV00_POST024	HIF2016_DIS00_CONV00	HIF2016_DIS00	372	420
440791185	HIF2016_DIS00_CONV00_POST024	HIF2016_DIS00_CONV00	HIF2016_DIS00	421	428
327144820	HIF2016_DIS00_CONV00_POST024	HIF2016_DIS00_CONV00	HIF2016_DIS00	1	104
487975896	HIF2016_DIS00_CONV00_POST024	HIF2016_DIS00_CONV00	HIF2016_DIS00	107	172
2061607054	HIF2016_DIS00_CONV00_POST025	HIF2016_DIS00_CONV00	HIF2016_DIS00	175	207
1104442127	HIF2016_DIS00_CONV00_POST026	HIF2016_DIS00_CONV00	HIF2016_DIS00	210	223
1639836882	HIF2016_DIS00_CONV00_POST026	HIF2016_DIS00_CONV00	HIF2016_DIS00	224	297
1783269460	HIF2016_DIS00_CONV00_POST026	HIF2016_DIS00_CONV00	HIF2016_DIS00	1	37
1894814814	HIF2016_DIS00_CONV00_POST026	HIF2016_DIS00_CONV00	HIF2016_DIS00	38	105
865189630	HIF2016_DIS00_CONV00_POST027	HIF2016_DIS00_CONV00	HIF2016_DIS00	106	190
1435370684	HIF2016_DIS00_CONV00_POST027	HIF2016_DIS00_CONV00	HIF2016_DIS00	191	223
348425729	HIF2016_DIS00_CONV00_POST027	HIF2016_DIS00_CONV00	HIF2016_DIS00	224	331
814226536	HIF2016_DIS00_CONV00_POST027	HIF2016_DIS00_CONV00	HIF2016_DIS00	332	404
1520922465	HIF2016_DIS00_CONV00_POST027	HIF2016_DIS00_CONV00	HIF2016_DIS00	405	514
563398920	HIF2016_DIS00_CONV00_POST027	HIF2016_DIS00_CONV00	HIF2016_DIS00	515	633
352304224	HIF2016_DIS00_CONV00_POST027	HIF2016_DIS00_CONV00	HIF2016_DIS00	1	52
1244338982	HIF2016_DIS00_CONV00_POST027	HIF2016_DIS00_CONV00	HIF2016_DIS00	52	145
241788284	HIF2016_DIS00_CONV00_POST027	HIF2016_DIS00_CONV00	HIF2016_DIS00	145	204
1719705234	HIF2016_DIS00_CONV00_POST028	HIF2016_DIS00_CONV00	HIF2016_DIS00	204	330
780839747	HIF2016_DIS00_CONV00_POST028	HIF2016_DIS00_CONV00	HIF2016_DIS00	1	47
1387976893	HIF2016_DIS00_CONV00_POST028	HIF2016_DIS00_CONV00	HIF2016_DIS00	1	33
1894339137	HIF2016_DIS00_CONV00_POST028	HIF2016_DIS00_CONV00	HIF2016_DIS00	34	108
250386967	HIF2016_DIS00_CONV00_POST028	HIF2016_DIS00_CONV00	HIF2016_DIS00	109	195
1317961688	HIF2016_DIS00_CONV00_POST028	HIF2016_DIS00_CONV00	HIF2016_DIS00	196	347
1341382664	HIF2016_DIS00_CONV00_POST028	HIF2016_DIS00_CONV00	HIF2016_DIS00	1	125
2142255164	HIF2016_DIS00_CONV00_POST028	HIF2016_DIS00_CONV00	HIF2016_DIS00	126	164
433445619	HIF2016_DIS00_CONV00_POST028	HIF2016_DIS00_CONV00	HIF2016_DIS00	165	345
1973230704	HIF2016_DIS00_CONV00_POST028	HIF2016_DIS00_CONV00	HIF2016_DIS00	346	412
1155035902	HIF2016_DIS00_CONV00_POST028	HIF2016_DIS00_CONV00	HIF2016_DIS00	413	529
1337469467	HIF2016_DIS00_CONV00_POST028	HIF2016_DIS00_CONV00	HIF2016_DIS00	530	610
48259471	HIF2016_DIS00_CONV00_POST028	HIF2016_DIS00_CONV00	HIF2016_DIS00	611	692
1784096893	HIF2016_DIS00_CONV00_POST029	HIF2016_DIS00_CONV00	HIF2016_DIS00	693	860
255991730	HIF2016_DIS00_CONV00_POST029	HIF2016_DIS00_CONV00	HIF2016_DIS00	861	908
1274293119	HIF2016_DIS00_CONV00_POST029	HIF2016_DIS00_CONV00	HIF2016_DIS00	1	47
1992029886	HIF2016_DIS00_CONV00_POST029	HIF2016_DIS00_CONV00	HIF2016_DIS00	48	91
1009532288	HIF2016_DIS00_CONV00_POST029	HIF2016_DIS00_CONV00	HIF2016_DIS00	92	218
1461702313	HIF2016_DIS00_CONV00_POST029	HIF2016_DIS00_CONV00	HIF2016_DIS00	219	294
1169890379	HIF2016_DIS00_CONV00_POST029	HIF2016_DIS00_CONV00	HIF2016_DIS00	295	336
1136823130	HIF2016_DIS00_CONV00_POST029	HIF2016_DIS00_CONV00	HIF2016_DIS00	337	357
1123308750	HIF2016_DIS00_CONV00_POST029	HIF2016_DIS00_CONV00	HIF2016_DIS00	358	405
1781146200	HIF2016_DIS00_CONV00_POST029	HIF2016_DIS00_CONV00	HIF2016_DIS00	405	448
1407933880	HIF2016_DIS00_CONV00_POST029	HIF2016_DIS00_CONV00	HIF2016_DIS00	448	496
1535564996	HIF2016_DIS00_CONV00_POST030	HIF2016_DIS00_CONV00	HIF2016_DIS00	496	612
1826137088	HIF2016_DIS00_CONV00_POST030	HIF2016_DIS00_CONV00	HIF2016_DIS00	613	718
790927179	HIF2016_DIS00_CONV00_POST030	HIF2016_DIS00_CONV00	HIF2016_DIS00	718	721
1577567947	HIF2016_DIS00_CONV00_POST030	HIF2016_DIS00_CONV00	HIF2016_DIS00	722	735
680977283	HIF2016_DIS00_CONV00_POST030	HIF2016_DIS00_CONV00	HIF2016_DIS00	735	810
1608675699	HIF2016_DIS00_CONV00_POST030	HIF2016_DIS00_CONV00	HIF2016_DIS00	1	80
1993978222	HIF2016_DIS00_CONV00_POST030	HIF2016_DIS00_CONV00	HIF2016_DIS00	81	125
893777727	HIF2016_DIS00_CONV00_POST030	HIF2016_DIS00_CONV00	HIF2016_DIS00	126	221
360918794	HIF2016_DIS00_CONV00_POST030	HIF2016_DIS00_CONV00	HIF2016_DIS00	222	269
538461864	HIF2016_DIS00_CONV00_POST030	HIF2016_DIS00_CONV00	HIF2016_DIS00	270	430
670448897	HIF2016_DIS00_CONV00_POST030	HIF2016_DIS00_CONV00	HIF2016_DIS00	431	497
1262850890	HIF2016_DIS00_CONV00_POST030	HIF2016_DIS00_CONV00	HIF2016_DIS00	498	554
724298312	HIF2016_DIS00_CONV00_POST030	HIF2016_DIS00_CONV00	HIF2016_DIS00	555	603
298779766	HIF2016_DIS00_CONV01_POST031	HIF2016_DIS00_CONV01	HIF2016_DIS00	604	729
95066028	HIF2016_DIS00_CONV01_POST031	HIF2016_DIS00_CONV01	HIF2016_DIS00	730	1008
984919524	HIF2016_DIS00_CONV01_POST031	HIF2016_DIS00_CONV01	HIF2016_DIS00	1009	1062
2116216942	HIF2016_DIS00_CONV01_POST031	HIF2016_DIS00_CONV01	HIF2016_DIS00	1	67
2222216942	HIF2016_DIS00_CONV01_POST031	HIF2016_DIS00_CONV01	HIF2016_DIS00	68	180
493943550	HIF2016_DIS00_CONV01_POST031	HIF2016_DIS00_CONV01	HIF2016_DIS00	181	280
1942522562	HIF2016_DIS00_CONV01_POST031	HIF2016_DIS00_CONV01	HIF2016_DIS00	281	311
1394439517	HIF2016_DIS00_CONV01_POST031	HIF2016_DIS00_CONV01	HIF2016_DIS00	312	335
1196337335	HIF2016_DIS00_CONV01_POST031	HIF2016_DIS00_CONV01	HIF2016_DIS00	336	451
1316289586	HIF2016_DIS00_CONV01_POST031	HIF2016_DIS00_CONV01	HIF2016_DIS00	452	547
934620636	HIF2016_DIS00_CONV01_POST031	HIF2016_DIS00_CONV01	HIF2016_DIS00	547	586
1042235727	HIF2016_DIS00_CONV01_POST031	HIF2016_DIS00_CONV01	HIF2016_DIS00	586	641
76385122	HIF2016_DIS00_CONV01_POST031	HIF2016_DIS00_CONV01	HIF2016_DIS00	642	697
1760648899	HIF2016_DIS00_CONV01_POST031	HIF2016_DIS00_CONV01	HIF2016_DIS00	697	876
1390014018	HIF2016_DIS00_CONV01_POST031	HIF2016_DIS00_CONV01	HIF2016_DIS00	876	956
1089067941	HIF2016_DIS00_CONV01_POST031	HIF2016_DIS00_CONV01	HIF2016_DIS00	957	1006
1627066056	HIF2016_DIS00_CONV01_POST032	HIF2016_DIS00_CONV01	HIF2016_DIS00	1	29
1284679874	HIF2016_DIS00_CONV01_POST032	HIF2016_DIS00_CONV01	HIF2016_DIS00	30	32
1518247415	HIF2016_DIS00_CONV01_POST032	HIF2016_DIS00_CONV01	HIF2016_DIS00	33	108
1007291175	HIF2016_DIS00_CONV01_POST032	HIF2016_DIS00_CONV01	HIF2016_DIS00	109	183
1731111567	HIF2016_DIS00_CONV01_POST032	HIF2016_DIS00_CONV01	HIF2016_DIS00	184	191
1560402865	HIF2016_DIS00_CONV01_POST033	HIF2016_DIS00_CONV01	HIF2016_DIS00	192	386
1248672972	HIF2016_DIS00_CONV01_POST033	HIF2016_DIS00_CONV01	HIF2016_DIS00	387	895
941001419	HIF2016_DIS00_CONV01_POST033	HIF2016_DIS00_CONV01	HIF2016_DIS00	897	1065
886490434	HIF2016_DIS00_CONV01_POST033	HIF2016_DIS00_CONV01	HIF2016_DIS00	1066	1208
244679455	HIF2016_DIS00_CONV01_POST033	HIF2016_DIS00_CONV01	HIF2016_DIS00	1209	1344
42412741	HIF2016_DIS00_CONV01_POST033	HIF2016_DIS00_CONV01	HIF2016_DIS00	1345	1558
503553727	HIF2016_DIS00_CONV01_POST034	HIF2016_DIS00_CONV01	HIF2016_DIS00	1559	1828
1950946105	HIF2016_DIS00_CONV01_POST034	HIF2016_DIS00_CONV01	HIF2016_DIS00	1829	1990
597629535	HIF2016_DIS00_CONV01_POST034	HIF2016_DIS00_CONV01	HIF2016_DIS00	1991	2115
992474044	HIF2016_DIS00_CONV01_POST034	HIF2016_DIS00_CONV01	HIF2016_DIS00	2116	2340
2125642237	HIF2016_DIS00_CONV01_POST034	HIF2016_DIS00_CONV01	HIF2016_DIS00	2341	2446
65737339	HIF2016_DIS00_CONV01_POST034	HIF2016_DIS00_CONV01	HIF2016_DIS00	2447	2622
1045064423	HIF2016_DIS00_CONV01_POST034	HIF2016_DIS00_CONV01	HIF2016_DIS00	2623	2691
901907685	HIF2016_DIS00_CONV01_POST034	HIF2016_DIS00_CONV01	HIF2016_DIS00	1	67
1927348561	HIF2016_DIS00_CONV01_POST035	HIF2016_DIS00_CONV01	HIF2016_DIS00	68	148
210683023	HIF2016_DIS00_CONV01_POST035	HIF2016_DIS00_CONV01	HIF2016_DIS00	148	215
1919507407	HIF2016_DIS00_CONV01_POST035	HIF2016_DIS00_CONV01	HIF2016_DIS00	216	277
1074331574	HIF2016_DIS00_CONV01_POST035	HIF2016_DIS00_CONV01	HIF2016_DIS00	278	294
1335064935	HIF2016_DIS00_CONV01_POST036	HIF2016_DIS00_CONV01	HIF2016_DIS00	1	124
761662617	HIF2016_DIS00_CONV01_POST036	HIF2016_DIS00_CONV01	HIF2016_DIS00	125	193
1363558572	HIF2016_DIS00_CONV01_POST036	HIF2016_DIS00_CONV01	HIF2016_DIS00	193	304
1920128031	HIF2016_DIS00_CONV01_POST036	HIF2016_DIS00_CONV01	HIF2016_DIS00	304	331
1248291142	HIF2016_DIS00_CONV01_POST036	HIF2016_DIS00_CONV01	HIF2016_DIS00	331	341
843229895	HIF2016_DIS00_CONV01_POST036	HIF2016_DIS00_CONV01	HIF2016_DIS00	342	366
2092759961	HIF2016_DIS00_CONV01_POST036	HIF2016_DIS00_CONV01	HIF2016_DIS00	366	459
1390138362	HIF2016_DIS00_CONV01_POST036	HIF2016_DIS00_CONV01	HIF2016_DIS00	460	462
172535440	HIF2016_DIS00_CONV01_POST037	HIF2016_DIS00_CONV01	HIF2016_DIS00	1	56
1619435716	HIF2016_DIS00_CONV01_POST037	HIF2016_DIS00_CONV01	HIF2016_DIS00	57	172
1690783956	HIF2016_DIS00_CONV01_POST037	HIF2016_DIS00_CONV01	HIF2016_DIS00	173	241
286313919	HIF2016_DIS00_CONV01_POST037	HIF2016_DIS00_CONV01	HIF2016_DIS00	242	447
1973267234	HIF2016_DIS00_CONV01_POST038	HIF2016_DIS00_CONV01	HIF2016_DIS00	448	596
1192368121	HIF2016_DIS00_CONV01_POST038	HIF2016_DIS00_CONV01	HIF2016_DIS00	597	678
230992822	HIF2016_DIS00_CONV01_POST038	HIF2016_DIS00_CONV01	HIF2016_DIS00	679	725
38105213	HIF2016_DIS00_CONV01_POST038	HIF2016_DIS00_CONV01	HIF2016_DIS00	726	751
532470828	HIF2016_DIS00_CONV01_POST038	HIF2016_DIS00_CONV01	HIF2016_DIS00	1	120
1907652723	HIF2016_DIS00_CONV01_POST039	HIF2016_DIS00_CONV01	HIF2016_DIS00	121	157
442508551	HIF2016_DIS00_CONV01_POST039	HIF2016_DIS00_CONV01	HIF2016_DIS00	157	211
1589571983	HIF2016_DIS00_CONV01_POST039	HIF2016_DIS00_CONV01	HIF2016_DIS00	211	316
249183802	HIF2016_DIS00_CONV01_POST039	HIF2016_DIS00_CONV01	HIF2016_DIS00	316	319
1740068644	HIF2016_DIS00_CONV01_POST039	HIF2016_DIS00_CONV01	HIF2016_DIS00	1	78
1797846226	HIF2016_DIS00_CONV01_POST040	HIF2016_DIS00_CONV01	HIF2016_DIS00	78	184
1959474239	HIF2016_DIS00_CONV01_POST040	HIF2016_DIS00_CONV01	HIF2016_DIS00	184	330
1718344831	HIF2016_DIS00_CONV01_POST040	HIF2016_DIS00_CONV01	HIF2016_DIS00	330	405
812494092	HIF2016_DIS00_CONV01_POST040	HIF2016_DIS00_CONV01	HIF2016_DIS00	405	450
1173624664	HIF2016_DIS00_CONV01_POST040	HIF2016_DIS00_CONV01	HIF2016_DIS00	451	568
799527287	HIF2016_DIS00_CONV01_POST040	HIF2016_DIS00_CONV01	HIF2016_DIS00	568	595
383833835	HIF2016_DIS00_CONV01_POST040	HIF2016_DIS00_CONV01	HIF2016_DIS00	596	612
1886164230	HIF2016_DIS00_CONV01_POST040	HIF2016_DIS00_CONV01	HIF2016_DIS00	1	33
1503127559	HIF2016_DIS00_CONV01_POST040	HIF2016_DIS00_CONV01	HIF2016_DIS00	33	106
1170400361	HIF2016_DIS00_CONV01_POST040	HIF2016_DIS00_CONV01	HIF2016_DIS00	106	205
1044098158	HIF2016_DIS00_CONV01_POST040	HIF2016_DIS00_CONV01	HIF2016_DIS00	205	279
1303942052	HIF2016_DIS00_CONV01_POST040	HIF2016_DIS00_CONV01	HIF2016_DIS00	1	45
120547302	HIF2016_DIS00_CONV01_POST040	HIF2016_DIS00_CONV01	HIF2016_DIS00	46	158
1857073306	HIF2016_DIS00_CONV01_POST040	HIF2016_DIS00_CONV01	HIF2016_DIS00	159	233
792148753	HIF2016_DIS00_CONV01_POST040	HIF2016_DIS00_CONV01	HIF2016_DIS00	234	259
66420258	HIF2016_DIS00_CONV01_POST040	HIF2016_DIS00_CONV01	HIF2016_DIS00	260	306
346658413	HIF2016_DIS00_CONV01_POST040	HIF2016_DIS00_CONV01	HIF2016_DIS00	1	57
1454128251	HIF2016_DIS00_CONV01_POST040	HIF2016_DIS00_CONV01	HIF2016_DIS00	57	140
1379151624	HIF2016_DIS00_CONV01_POST040	HIF2016_DIS00_CONV01	HIF2016_DIS00	140	202
1174626828	HIF2016_DIS00_CONV01_POST040	HIF2016_DIS00_CONV01	HIF2016_DIS00	202	357
245859091	HIF2016_DIS00_CONV01_POST040	HIF2016_DIS00_CONV01	HIF2016_DIS00	357	392
839712542	HIF2016_DIS00_CONV01_POST040	HIF2016_DIS00_CONV01	HIF2016_DIS00	1	45
1031189030	HIF2016_DIS00_CONV01_POST041	HIF2016_DIS00_CONV01	HIF2016_DIS00	46	83
76726543	HIF2016_DIS00_CONV01_POST041	HIF2016_DIS00_CONV01	HIF2016_DIS00	84	218
943386981	HIF2016_DIS00_CONV01_POST041	HIF2016_DIS00_CONV01	HIF2016_DIS00	219	364
1748727938	HIF2016_DIS00_CONV01_POST041	HIF2016_DIS00_CONV01	HIF2016_DIS00	365	386
1044786583	HIF2016_DIS00_CONV01_POST041	HIF2016_DIS00_CONV01	HIF2016_DIS00	387	481
1795631577	HIF2016_DIS00_CONV01_POST042	HIF2016_DIS00_CONV01	HIF2016_DIS00	482	568
1378513192	HIF2016_DIS00_CONV01_POST043	HIF2016_DIS00_CONV01	HIF2016_DIS00	569	612
752097679	HIF2016_DIS00_CONV01_POST043	HIF2016_DIS00_CONV01	HIF2016_DIS00	613	699
743358931	HIF2016_DIS00_CONV01_POST043	HIF2016_DIS00_CONV01	HIF2016_DIS00	699	747
203097497	HIF2016_DIS00_CONV01_POST043	HIF2016_DIS00_CONV01	HIF2016_DIS00	748	831
489108128	HIF2016_DIS00_CONV01_POST043	HIF2016_DIS00_CONV01	HIF2016_DIS00	831	892
1694006872	HIF2016_DIS00_CONV01_POST043	HIF2016_DIS00_CONV01	HIF2016_DIS00	893	942
1385584220	HIF2016_DIS00_CONV01_POST044	HIF2016_DIS00_CONV01	HIF2016_DIS00	943	995
1604855204	HIF2016_DIS00_CONV01_POST044	HIF2016_DIS00_CONV01	HIF2016_DIS00	996	1059
104005285	HIF2016_DIS00_CONV01_POST044	HIF2016_DIS00_CONV01	HIF2016_DIS00	1060	1131
2064369895	HIF2016_DIS00_CONV01_POST044	HIF2016_DIS00_CONV01	HIF2016_DIS00	1132	1245
780448102	HIF2016_DIS00_CONV01_POST044	HIF2016_DIS00_CONV01	HIF2016_DIS00	1246	1316
1012168962	HIF2016_DIS00_CONV02_POST045	HIF2016_DIS00_CONV02	HIF2016_DIS00	1317	1398
1934380972	HIF2016_DIS00_CONV02_POST045	HIF2016_DIS00_CONV02	HIF2016_DIS00	1399	1445
205766439	HIF2016_DIS00_CONV02_POST045	HIF2016_DIS00_CONV02	HIF2016_DIS00	1446	1508
396670099	HIF2016_DIS00_CONV02_POST045	HIF2016_DIS00_CONV02	HIF2016_DIS00	1509	1565
607014774	HIF2016_DIS00_CONV02_POST045	HIF2016_DIS00_CONV02	HIF2016_DIS00	1	91
1105782186	HIF2016_DIS00_CONV02_POST045	HIF2016_DIS00_CONV02	HIF2016_DIS00	92	150
413175593	HIF2016_DIS00_CONV02_POST046	HIF2016_DIS00_CONV02	HIF2016_DIS00	151	225
1703876538	HIF2016_DIS00_CONV02_POST046	HIF2016_DIS00_CONV02	HIF2016_DIS00	226	296
1404517797	HIF2016_DIS00_CONV02_POST046	HIF2016_DIS00_CONV02	HIF2016_DIS00	297	362
2065186561	HIF2016_DIS00_CONV02_POST046	HIF2016_DIS00_CONV02	HIF2016_DIS00	362	373
1345159894	HIF2016_DIS00_CONV02_POST047	HIF2016_DIS00_CONV02	HIF2016_DIS00	1	40
1995931684	HIF2016_DIS00_CONV02_POST047	HIF2016_DIS00_CONV02	HIF2016_DIS00	1	179
2045460427	HIF2016_DIS00_CONV02_POST047	HIF2016_DIS00_CONV02	HIF2016_DIS00	180	275
660797877	HIF2016_DIS00_CONV02_POST047	HIF2016_DIS00_CONV02	HIF2016_DIS00	276	967
66079713877	HIF2016_DIS00_CONV02_POST047	HIF2016_DIS00_CONV02	HIF2016_DIS00	968	1061
1565697864	HIF2016_DIS00_CONV02_POST047	HIF2016_DIS00_CONV02	HIF2016_DIS00	1062	1082
1988998643	HIF2016_DIS00_CONV02_POST047	HIF2016_DIS00_CONV02	HIF2016_DIS00	1083	1141
1887285948	HIF2016_DIS00_CONV02_POST047	HIF2016_DIS00_CONV02	HIF2016_DIS00	1	98
1779209525	HIF2016_DIS00_CONV02_POST047	HIF2016_DIS00_CONV02	HIF2016_DIS00	99	143
956221847	HIF2016_DIS00_CONV02_POST048	HIF2016_DIS00_CONV02	HIF2016_DIS00	144	201
1821058842	HIF2016_DIS00_CONV02_POST048	HIF2016_DIS00_CONV02	HIF2016_DIS00	202	291
164623177	HIF2016_DIS00_CONV02_POST048	HIF2016_DIS00_CONV02	HIF2016_DIS00	292	358
285878637	HIF2016_DIS00_CONV02_POST048	HIF2016_DIS00_CONV02	HIF2016_DIS00	1	110
1205301934	HIF2016_DIS00_CONV02_POST048	HIF2016_DIS00_CONV02	HIF2016_DIS00	110	174
360029191	HIF2016_DIS00_CONV02_POST048	HIF2016_DIS00_CONV02	HIF2016_DIS00	174	242
1678945641	HIF2016_DIS00_CONV02_POST049	HIF2016_DIS00_CONV02	HIF2016_DIS00	243	298
1259196928	HIF2016_DIS00_CONV02_POST049	HIF2016_DIS00_CONV02	HIF2016_DIS00	298	383
847302998	HIF2016_DIS00_CONV02_POST050	HIF2016_DIS00_CONV02	HIF2016_DIS00	383	386
1865012708	HIF2016_DIS00_CONV02_POST050	HIF2016_DIS00_CONV02	HIF2016_DIS00	387	441
4131755932	HIF2016_DIS00_CONV02_POST051	HIF2016_DIS00_CONV02	HIF2016_DIS00	1	20
17038765382	HIF2016_DIS00_CONV02_POST051	HIF2016_DIS00_CONV02	HIF2016_DIS00	21	106
14045177972	HIF2016_DIS00_CONV02_POST051	HIF2016_DIS00_CONV02	HIF2016_DIS00	107	188
20651865612	HIF2016_DIS00_CONV02_POST051	HIF2016_DIS00_CONV02	HIF2016_DIS00	189	379
33885186561	HIF2016_DIS00_CONV02_POST051	HIF2016_DIS00_CONV02	HIF2016_DIS00	1	54
1816182623	HIF2016_DIS00_CONV02_POST052	HIF2016_DIS00_CONV02	HIF2016_DIS00	55	99
773588018	HIF2016_DIS00_CONV02_POST052	HIF2016_DIS00_CONV02	HIF2016_DIS00	100	221
1773588018	HIF2016_DIS00_CONV02_POST052	HIF2016_DIS00_CONV02	HIF2016_DIS00	222	342
204144202	HIF2016_DIS00_CONV02_POST052	HIF2016_DIS00_CONV02	HIF2016_DIS00	343	379
1599628449	HIF2016_DIS00_CONV02_POST052	HIF2016_DIS00_CONV02	HIF2016_DIS00	380	444
1383839072	HIF2016_DIS00_CONV02_POST053	HIF2016_DIS00_CONV02	HIF2016_DIS00	445	532
336986736	HIF2016_DIS00_CONV02_POST053	HIF2016_DIS00_CONV02	HIF2016_DIS00	533	565
1881650490	HIF2016_DIS00_CONV02_POST053	HIF2016_DIS00_CONV02	HIF2016_DIS00	1	35
1363626411	HIF2016_DIS00_CONV02_POST053	HIF2016_DIS00_CONV02	HIF2016_DIS00	35	92
2138376082	HIF2016_DIS00_CONV02_POST054	HIF2016_DIS00_CONV02	HIF2016_DIS00	93	193
626452714	HIF2016_DIS00_CONV02_POST054	HIF2016_DIS00_CONV02	HIF2016_DIS00	193	248
505011321	HIF2016_DIS00_CONV02_POST054	HIF2016_DIS00_CONV02	HIF2016_DIS00	248	368
39741970	HIF2016_DIS00_CONV02_POST054	HIF2016_DIS00_CONV02	HIF2016_DIS00	369	462
1970272742	HIF2016_DIS00_CONV02_POST054	HIF2016_DIS00_CONV02	HIF2016_DIS00	463	550
1158169362	HIF2016_DIS00_CONV02_POST054	HIF2016_DIS00_CONV02	HIF2016_DIS00	1	61
1565410054	HIF2016_DIS00_CONV02_POST054	HIF2016_DIS00_CONV02	HIF2016_DIS00	62	95
1720039213	HIF2016_DIS00_CONV02_POST054	HIF2016_DIS00_CONV02	HIF2016_DIS00	1	54
285276599	HIF2016_DIS00_CONV02_POST055	HIF2016_DIS00_CONV02	HIF2016_DIS00	55	120
1097101896	HIF2016_DIS00_CONV03_POST056	HIF2016_DIS00_CONV03	HIF2016_DIS00	1	20
1606086938	HIF2016_DIS00_CONV03_POST056	HIF2016_DIS00_CONV03	HIF2016_DIS00	21	106
1634086938	HIF2016_DIS00_CONV03_POST056	HIF2016_DIS00_CONV03	HIF2016_DIS00	107	188
807223969	HIF2016_DIS00_CONV03_POST056	HIF2016_DIS00_CONV03	HIF2016_DIS00	189	379
622845158	HIF2016_DIS00_CONV03_POST056	HIF2016_DIS00_CONV03	HIF2016_DIS00	1	120
367212290	HIF2016_DIS00_CONV03_POST057	HIF2016_DIS00_CONV03	HIF2016_DIS00	120	293
185441659	HIF2016_DIS00_CONV03_POST057	HIF2016_DIS00_CONV03	HIF2016_DIS00	294	383
915269216	HIF2016_DIS00_CONV03_POST057	HIF2016_DIS00_CONV03	HIF2016_DIS00	384	405
1697695612	HIF2016_DIS00_CONV03_POST057	HIF2016_DIS00_CONV03	HIF2016_DIS00	1	99
1360080776	HIF2016_DIS00_CONV03_POST057	HIF2016_DIS00_CONV03	HIF2016_DIS00	99	149
100419342	HIF2016_DIS00_CONV03_POST057	HIF2016_DIS00_CONV03	HIF2016_DIS00	150	199
123470275	HIF2016_DIS00_CONV03_POST057	HIF2016_DIS00_CONV03	HIF2016_DIS00	199	256
1365311729	HIF2016_DIS00_CONV03_POST058	HIF2016_DIS00_CONV03	HIF2016_DIS00	1	60
68048060	HIF2016_DIS00_CONV03_POST059	HIF2016_DIS00_CONV03	HIF2016_DIS00	60	186
63549883	HIF2016_DIS00_CONV03_POST059	HIF2016_DIS00_CONV03	HIF2016_DIS00	187	325
1904868654	HIF2016_DIS00_CONV03_POST059	HIF2016_DIS00_CONV03	HIF2016_DIS00	325	378
2104553272	HIF2016_DIS00_CONV03_POST059	HIF2016_DIS00_CONV03	HIF2016_DIS00	379	476
1927775606	HIF2016_DIS00_CONV03_POST059	HIF2016_DIS00_CONV03	HIF2016_DIS00	477	544
1381770848	HIF2016_DIS00_CONV03_POST059	HIF2016_DIS00_CONV03	HIF2016_DIS00	544	626
277927780	HIF2016_DIS00_CONV03_POST059	HIF2016_DIS00_CONV03	HIF2016_DIS00	626	667
951849707	HIF2016_DIS00_CONV03_POST059	HIF2016_DIS00_CONV03	HIF2016_DIS00	667	670
748342260	HIF2016_DIS00_CONV03_POST059	HIF2016_DIS00_CONV03	HIF2016_DIS00	1	49
2018370575	HIF2016_DIS00_CONV03_POST059	HIF2016_DIS00_CONV03	HIF2016_DIS00	50	93
867811047	HIF2016_DIS00_CONV03_POST059	HIF2016_DIS00_CONV03	HIF2016_DIS00	94	96
893434383	HIF2016_DIS00_CONV03_POST059	HIF2016_DIS00_CONV03	HIF2016_DIS00	1	178
1629943960	HIF2016_DIS00_CONV03_POST059	HIF2016_DIS00_CONV03	HIF2016_DIS00	179	211
1179973956	HIF2016_DIS00_CONV03_POST060	HIF2016_DIS00_CONV03	HIF2016_DIS00	212	476
1636512039	HIF2016_DIS00_CONV03_POST060	HIF2016_DIS00_CONV03	HIF2016_DIS00	477	511
163882519	HIF2016_DIS00_CONV03_POST061	HIF2016_DIS00_CONV03	HIF2016_DIS00	512	524
922851824	HIF2016_DIS00_CONV03_POST061	HIF2016_DIS00_CONV03	HIF2016_DIS00	0	12
1193417378	HIF2016_DIS00_CONV03_POST061	HIF2016_DIS00_CONV03	HIF2016_DIS00	13	49
157389384	HIF2016_DIS00_CONV03_POST061	HIF2016_DIS00_CONV03	HIF2016_DIS00	50	83
1216797909	HIF2016_DIS00_CONV03_POST061	HIF2016_DIS00_CONV03	HIF2016_DIS00	84	157
782626501	HIF2016_DIS00_CONV03_POST061	HIF2016_DIS00_CONV03	HIF2016_DIS00	158	179
1448894883	HIF2016_DIS00_CONV03_POST061	HIF2016_DIS00_CONV03	HIF2016_DIS00	179	221
1638825192	HIF2016_DIS00_CONV03_POST062	HIF2016_DIS00_CONV03	HIF2016_DIS00	222	292
9228518242	HIF2016_DIS00_CONV03_POST062	HIF2016_DIS00_CONV03	HIF2016_DIS00	293	334
11934173782	HIF2016_DIS00_CONV03_POST062	HIF2016_DIS00_CONV03	HIF2016_DIS00	335	354
1677302800	HIF2016_DIS00_CONV03_POST062	HIF2016_DIS00_CONV03	HIF2016_DIS00	354	360
1573893842	HIF2016_DIS00_CONV03_POST062	HIF2016_DIS00_CONV03	HIF2016_DIS00	1	127
805737737	HIF2016_DIS00_CONV03_POST062	HIF2016_DIS00_CONV03	HIF2016_DIS00	1	86
12167979092	HIF2016_DIS00_CONV03_POST062	HIF2016_DIS00_CONV03	HIF2016_DIS00	87	111
1707031528	HIF2016_DIS00_CONV03_POST063	HIF2016_DIS00_CONV03	HIF2016_DIS00	111	137
652279488	HIF2016_DIS00_CONV03_POST063	HIF2016_DIS00_CONV03	HIF2016_DIS00	137	160
194722373	HIF2016_DIS00_CONV03_POST063	HIF2016_DIS00_CONV03	HIF2016_DIS00	161	188
1993614257	HIF2016_DIS00_CONV03_POST063	HIF2016_DIS00_CONV03	HIF2016_DIS00	189	239
1672791560	HIF2016_DIS00_CONV03_POST064	HIF2016_DIS00_CONV03	HIF2016_DIS00	240	256
58970680	HIF2016_DIS00_CONV03_POST064	HIF2016_DIS00_CONV03	HIF2016_DIS00	257	313
2110069264	HIF2016_DIS00_CONV03_POST065	HIF2016_DIS00_CONV03	HIF2016_DIS00	314	380
642888299	HIF2016_DIS00_CONV03_POST065	HIF2016_DIS00_CONV03	HIF2016_DIS00	381	450
1516774786	HIF2016_DIS00_CONV03_POST065	HIF2016_DIS00_CONV03	HIF2016_DIS00	451	462
1329980733	HIF2016_DIS00_CONV03_POST065	HIF2016_DIS00_CONV03	HIF2016_DIS00	463	479
101357757	HIF2016_DIS00_CONV03_POST065	HIF2016_DIS00_CONV03	HIF2016_DIS00	479	525
1124528867	HIF2016_DIS00_CONV03_POST065	HIF2016_DIS00_CONV03	HIF2016_DIS00	526	541
6724528867	HIF2016_DIS00_CONV03_POST065	HIF2016_DIS00_CONV03	HIF2016_DIS00	541	572
780081234	HIF2016_DIS00_CONV03_POST065	HIF2016_DIS00_CONV03	HIF2016_DIS00	573	646
351054781	HIF2016_DIS00_CONV03_POST065	HIF2016_DIS00_CONV03	HIF2016_DIS00	647	679
200921646	HIF2016_DIS00_CONV03_POST065	HIF2016_DIS00_CONV03	HIF2016_DIS00	679	730
1824544915	HIF2016_DIS00_CONV03_POST065	HIF2016_DIS00_CONV03	HIF2016_DIS00	731	794
20498620	HIF2016_DIS00_CONV03_POST066	HIF2016_DIS00_CONV03	HIF2016_DIS00	795	835
1584889120	HIF2016_DIS00_CONV03_POST066	HIF2016_DIS00_CONV03	HIF2016_DIS00	836	853
212273198	HIF2016_DIS00_CONV03_POST066	HIF2016_DIS00_CONV03	HIF2016_DIS00	853	860
1510137704	HIF2016_DIS00_CONV03_POST066	HIF2016_DIS00_CONV03	HIF2016_DIS00	1	121
1319312874	HIF2016_DIS00_CONV03_POST066	HIF2016_DIS00_CONV03	HIF2016_DIS00	122	365
1392554115	HIF2016_DIS00_CONV03_POST066	HIF2016_DIS00_CONV03	HIF2016_DIS00	1	27
676255529	HIF2016_DIS00_CONV03_POST066	HIF2016_DIS00_CONV03	HIF2016_DIS00	28	109
638009093	HIF2016_DIS00_CONV03_POST066	HIF2016_DIS00_CONV03	HIF2016_DIS00	110	156
873496866	HIF2016_DIS00_CONV03_POST066	HIF2016_DIS00_CONV03	HIF2016_DIS00	157	226
1170425784	HIF2016_DIS00_CONV03_POST066	HIF2016_DIS00_CONV03	HIF2016_DIS00	227	306
2034611026	HIF2016_DIS00_CONV03_POST066	HIF2016_DIS00_CONV03	HIF2016_DIS00	307	381
1682672221	HIF2016_DIS00_CONV03_POST066	HIF2016_DIS00_CONV03	HIF2016_DIS00	382	528
382851546	HIF2016_DIS00_CONV03_POST067	HIF2016_DIS00_CONV03	HIF2016_DIS00	529	574
244207473	HIF2016_DIS00_CONV03_POST067	HIF2016_DIS00_CONV03	HIF2016_DIS00	575	601
1539611616	HIF2016_DIS00_CONV03_POST067	HIF2016_DIS00_CONV03	HIF2016_DIS00	602	625
1278888158	HIF2016_DIS00_CONV03_POST067	HIF2016_DIS00_CONV03	HIF2016_DIS00	625	643
376862274	HIF2016_DIS00_CONV03_POST067	HIF2016_DIS00_CONV03	HIF2016_DIS00	643	650
1461081752	HIF2016_DIS00_CONV03_POST067	HIF2016_DIS00_CONV03	HIF2016_DIS00	1	27
281137798	HIF2016_DIS00_CONV03_POST067	HIF2016_DIS00_CONV03	HIF2016_DIS00	28	109
1545017069	HIF2016_DIS00_CONV03_POST067	HIF2016_DIS00_CONV03	HIF2016_DIS00	110	156
2019807110	HIF2016_DIS00_CONV03_POST067	HIF2016_DIS00_CONV03	HIF2016_DIS00	157	226
1384998119	HIF2016_DIS00_CONV03_POST067	HIF2016_DIS00_CONV03	HIF2016_DIS00	227	306
1924701293	HIF2016_DIS00_CONV03_POST067	HIF2016_DIS00_CONV03	HIF2016_DIS00	307	381
1952784332	HIF2016_DIS00_CONV03_POST068	HIF2016_DIS00_CONV03	HIF2016_DIS00	382	528
1669686833	HIF2016_DIS00_CONV03_POST068	HIF2016_DIS00_CONV03	HIF2016_DIS00	529	574
901503618	HIF2016_DIS00_CONV03_POST068	HIF2016_DIS00_CONV03	HIF2016_DIS00	575	601
1272306965	HIF2016_DIS00_CONV03_POST068	HIF2016_DIS00_CONV03	HIF2016_DIS00	602	625
287382554	HIF2016_DIS00_CONV03_POST068	HIF2016_DIS00_CONV03	HIF2016_DIS00	625	643
721453727	HIF2016_DIS00_CONV04_POST069	HIF2016_DIS00_CONV04	HIF2016_DIS00	643	650
72145372711	HIF2016_DIS00_CONV04_POST069	HIF2016_DIS00_CONV04	HIF2016_DIS00	0	46
395076604	HIF2016_DIS00_CONV04_POST069	HIF2016_DIS00_CONV04	HIF2016_DIS00	47	79
2013907889	HIF2016_DIS00_CONV04_POST069	HIF2016_DIS00_CONV04	HIF2016_DIS00	80	121
762485211	HIF2016_DIS00_CONV04_POST069	HIF2016_DIS00_CONV04	HIF2016_DIS00	122	147
1328954659	HIF2016_DIS00_CONV04_POST069	HIF2016_DIS00_CONV04	HIF2016_DIS00	148	219
537910036	HIF2016_DIS00_CONV04_POST069	HIF2016_DIS00_CONV04	HIF2016_DIS00	220	242
124243846	HIF2016_DIS00_CONV04_POST069	HIF2016_DIS00_CONV04	HIF2016_DIS00	243	275
190735216	HIF2016_DIS00_CONV04_POST069	HIF2016_DIS00_CONV04	HIF2016_DIS00	275	281
502136017	HIF2016_DIS00_CONV04_POST069	HIF2016_DIS00_CONV04	HIF2016_DIS00	1	28
1875545674	HIF2016_DIS00_CONV04_POST070	HIF2016_DIS00_CONV04	HIF2016_DIS00	29	50
1252837346	HIF2016_DIS00_CONV04_POST070	HIF2016_DIS00_CONV04	HIF2016_DIS00	1	14
809711054	HIF2016_DIS00_CONV04_POST070	HIF2016_DIS00_CONV04	HIF2016_DIS00	15	83
2076139397	HIF2016_DIS00_CONV04_POST070	HIF2016_DIS00_CONV04	HIF2016_DIS00	84	118
685048487	HIF2016_DIS00_CONV04_POST070	HIF2016_DIS00_CONV04	HIF2016_DIS00	119	131
798416148	HIF2016_DIS00_CONV04_POST070	HIF2016_DIS00_CONV04	HIF2016_DIS00	132	157
387654659	HIF2016_DIS00_CONV04_POST070	HIF2016_DIS00_CONV04	HIF2016_DIS00	158	235
713078642	HIF2016_DIS00_CONV04_POST070	HIF2016_DIS00_CONV04	HIF2016_DIS00	236	266
28459319	HIF2016_DIS00_CONV04_POST070	HIF2016_DIS00_CONV04	HIF2016_DIS00	267	344
1436329761	HIF2016_DIS00_CONV04_POST071	HIF2016_DIS00_CONV04	HIF2016_DIS00	345	386
791120231	HIF2016_DIS00_CONV04_POST071	HIF2016_DIS00_CONV04	HIF2016_DIS00	387	394
1375776060	HIF2016_DIS00_CONV04_POST071	HIF2016_DIS00_CONV04	HIF2016_DIS00	0	51
1705434720	HIF2016_DIS00_CONV04_POST071	HIF2016_DIS00_CONV04	HIF2016_DIS00	52	110
2125335553	HIF2016_DIS00_CONV04_POST071	HIF2016_DIS00_CONV04	HIF2016_DIS00	110	150
1811722173	HIF2016_DIS00_CONV04_POST071	HIF2016_DIS00_CONV04	HIF2016_DIS00	151	183
1993458249	HIF2016_DIS00_CONV04_POST071	HIF2016_DIS00_CONV04	HIF2016_DIS00	183	207
529810486	HIF2016_DIS00_CONV04_POST072	HIF2016_DIS00_CONV04	HIF2016_DIS00	208	234
1697112701	HIF2016_DIS00_CONV04_POST072	HIF2016_DIS00_CONV04	HIF2016_DIS00	235	271
1770900384	HIF2016_DIS00_CONV04_POST072	HIF2016_DIS00_CONV04	HIF2016_DIS00	272	309
241295645	HIF2016_DIS00_CONV04_POST072	HIF2016_DIS00_CONV04	HIF2016_DIS00	310	325
329165466	HIF2016_DIS00_CONV04_POST072	HIF2016_DIS00_CONV04	HIF2016_DIS00	325	381
3266666466	HIF2016_DIS00_CONV04_POST072	HIF2016_DIS00_CONV04	HIF2016_DIS00	382	514
2024091465	HIF2016_DIS00_CONV04_POST073	HIF2016_DIS00_CONV04	HIF2016_DIS00	515	600
2022221465	HIF2016_DIS00_CONV04_POST073	HIF2016_DIS00_CONV04	HIF2016_DIS00	600	794
1928138584	HIF2016_DIS00_CONV04_POST073	HIF2016_DIS00_CONV04	HIF2016_DIS00	795	811
5868138584	HIF2016_DIS00_CONV04_POST073	HIF2016_DIS00_CONV04	HIF2016_DIS00	812	816
443301890	HIF2016_DIS00_CONV04_POST073	HIF2016_DIS00_CONV04	HIF2016_DIS00	1	59
1702015035	HIF2016_DIS00_CONV04_POST073	HIF2016_DIS00_CONV04	HIF2016_DIS00	60	91
7589015035	HIF2016_DIS00_CONV04_POST073	HIF2016_DIS00_CONV04	HIF2016_DIS00	92	153
80793825	HIF2016_DIS00_CONV04_POST073	HIF2016_DIS00_CONV04	HIF2016_DIS00	154	213
242097669	HIF2016_DIS00_CONV04_POST074	HIF2016_DIS00_CONV04	HIF2016_DIS00	214	271
1167364282	HIF2016_DIS00_CONV04_POST074	HIF2016_DIS00_CONV04	HIF2016_DIS00	272	354
893932483	HIF2016_DIS00_CONV04_POST074	HIF2016_DIS00_CONV04	HIF2016_DIS00	355	390
1560581939	HIF2016_DIS00_CONV04_POST075	HIF2016_DIS00_CONV04	HIF2016_DIS00	391	438
241855766	HIF2016_DIS00_CONV04_POST075	HIF2016_DIS00_CONV04	HIF2016_DIS00	439	494
1061133230	HIF2016_DIS00_CONV04_POST075	HIF2016_DIS00_CONV04	HIF2016_DIS00	495	549
659353373	HIF2016_DIS00_CONV04_POST075	HIF2016_DIS00_CONV04	HIF2016_DIS00	550	564
1050767240	HIF2016_DIS00_CONV04_POST075	HIF2016_DIS00_CONV04	HIF2016_DIS00	1	68
293608608	HIF2016_DIS00_CONV04_POST075	HIF2016_DIS00_CONV04	HIF2016_DIS00	69	153
42450495	HIF2016_DIS00_CONV04_POST076	HIF2016_DIS00_CONV04	HIF2016_DIS00	154	231
1495149290	HIF2016_DIS00_CONV04_POST076	HIF2016_DIS00_CONV04	HIF2016_DIS00	232	323
1663400808	HIF2016_DIS00_CONV04_POST077	HIF2016_DIS00_CONV04	HIF2016_DIS00	323	341
1643764728	HIF2016_DIS00_CONV04_POST077	HIF2016_DIS00_CONV04	HIF2016_DIS00	341	347
1593549554	HIF2016_DIS00_CONV04_POST077	HIF2016_DIS00_CONV04	HIF2016_DIS00	1	281
859070452	HIF2016_DIS00_CONV04_POST077	HIF2016_DIS00_CONV04	HIF2016_DIS00	281	387
1255093517	HIF2016_DIS00_CONV04_POST077	HIF2016_DIS00_CONV04	HIF2016_DIS00	387	623
1511392633	HIF2016_DIS00_CONV04_POST078	HIF2016_DIS00_CONV04	HIF2016_DIS00	624	972
690707569	HIF2016_DIS00_CONV04_POST078	HIF2016_DIS00_CONV04	HIF2016_DIS00	972	1181
384580596	HIF2016_DIS00_CONV04_POST078	HIF2016_DIS00_CONV04	HIF2016_DIS00	1181	1230
1859806270	HIF2016_DIS00_CONV04_POST078	HIF2016_DIS00_CONV04	HIF2016_DIS00	1231	1264
454246422	HIF2016_DIS00_CONV04_POST078	HIF2016_DIS00_CONV04	HIF2016_DIS00	1264	1392
1367932666	HIF2016_DIS00_CONV04_POST078	HIF2016_DIS00_CONV04	HIF2016_DIS00	1392	1485
1694017081	HIF2016_DIS00_CONV04_POST078	HIF2016_DIS00_CONV04	HIF2016_DIS00	1	153
57053283	HIF2016_DIS00_CONV04_POST079	HIF2016_DIS00_CONV04	HIF2016_DIS00	153	294
701781316	HIF2016_DIS00_CONV04_POST080	HIF2016_DIS00_CONV04	HIF2016_DIS00	294	456
31129456522	HIF2016_DIS00_CONV04_POST081	HIF2016_DIS00_CONV04	HIF2016_DIS00	456	625
1513278647	HIF2016_DIS00_CONV04_POST082	HIF2016_DIS00_CONV04	HIF2016_DIS00	625	762
2107287381	HIF2016_DIS00_CONV04_POST082	HIF2016_DIS00_CONV04	HIF2016_DIS00	762	865
876017638	HIF2016_DIS00_CONV04_POST082	HIF2016_DIS00_CONV04	HIF2016_DIS00	865	875
1462571338	HIF2016_DIS00_CONV05_POST083	HIF2016_DIS00_CONV05	HIF2016_DIS00	875	900
1667571155	HIF2016_DIS00_CONV05_POST083	HIF2016_DIS00_CONV05	HIF2016_DIS00	900	932
1911578813	HIF2016_DIS00_CONV05_POST083	HIF2016_DIS00_CONV05	HIF2016_DIS00	1	85
1039516645	HIF2016_DIS00_CONV05_POST083	HIF2016_DIS00_CONV05	HIF2016_DIS00	85	131
1611742422	HIF2016_DIS00_CONV05_POST083	HIF2016_DIS00_CONV05	HIF2016_DIS00	131	234
1798421742	HIF2016_DIS00_CONV05_POST083	HIF2016_DIS00_CONV05	HIF2016_DIS00	234	290
1051639369	HIF2016_DIS00_CONV05_POST083	HIF2016_DIS00_CONV05	HIF2016_DIS00	290	369
1468855953	HIF2016_DIS00_CONV05_POST083	HIF2016_DIS00_CONV05	HIF2016_DIS00	369	516
1679824851	HIF2016_DIS00_CONV05_POST083	HIF2016_DIS00_CONV05	HIF2016_DIS00	516	595
2038935498	HIF2016_DIS00_CONV05_POST083	HIF2016_DIS00_CONV05	HIF2016_DIS00	1	183
1007396349	HIF2016_DIS00_CONV05_POST083	HIF2016_DIS00_CONV05	HIF2016_DIS00	183	305
2035003929	HIF2016_DIS00_CONV05_POST083	HIF2016_DIS00_CONV05	HIF2016_DIS00	306	424
1550074943	HIF2016_DIS00_CONV05_POST084	HIF2016_DIS00_CONV05	HIF2016_DIS00	425	656
978639259	HIF2016_DIS00_CONV05_POST084	HIF2016_DIS00_CONV05	HIF2016_DIS00	657	746
1132723300	HIF2016_DIS00_CONV05_POST084	HIF2016_DIS00_CONV05	HIF2016_DIS00	747	749
1779247843	HIF2016_DIS00_CONV05_POST084	HIF2016_DIS00_CONV05	HIF2016_DIS00	1	83
891826148	HIF2016_DIS00_CONV05_POST084	HIF2016_DIS00_CONV05	HIF2016_DIS00	83	187
1810029893	HIF2016_DIS00_CONV05_POST084	HIF2016_DIS00_CONV05	HIF2016_DIS00	187	362
5262858	HIF2016_DIS00_CONV05_POST085	HIF2016_DIS00_CONV05	HIF2016_DIS00	362	592
1031400274	HIF2016_DIS00_CONV05_POST085	HIF2016_DIS00_CONV05	HIF2016_DIS00	592	631
1128156252	HIF2016_DIS00_CONV05_POST085	HIF2016_DIS00_CONV05	HIF2016_DIS00	1	81
1123943555	HIF2016_DIS00_CONV05_POST085	HIF2016_DIS00_CONV05	HIF2016_DIS00	81	134
1705631732	HIF2016_DIS00_CONV05_POST085	HIF2016_DIS00_CONV05	HIF2016_DIS00	135	202
1818932037	HIF2016_DIS00_CONV05_POST085	HIF2016_DIS00_CONV05	HIF2016_DIS00	203	205
886360443	HIF2016_DIS00_CONV05_POST086	HIF2016_DIS00_CONV05	HIF2016_DIS00	1	110
278001608	HIF2016_DIS00_CONV05_POST086	HIF2016_DIS00_CONV05	HIF2016_DIS00	110	236
1734916913	HIF2016_DIS00_CONV05_POST086	HIF2016_DIS00_CONV05	HIF2016_DIS00	236	358
986454665	HIF2016_DIS00_CONV05_POST086	HIF2016_DIS00_CONV05	HIF2016_DIS00	358	554
2037456799	HIF2016_DIS00_CONV05_POST086	HIF2016_DIS00_CONV05	HIF2016_DIS00	554	602
189068012	HIF2016_DIS00_CONV05_POST086	HIF2016_DIS00_CONV05	HIF2016_DIS00	602	645
233651088	HIF2016_DIS00_CONV05_POST086	HIF2016_DIS00_CONV05	HIF2016_DIS00	1	155
532073584	HIF2016_DIS00_CONV05_POST086	HIF2016_DIS00_CONV05	HIF2016_DIS00	155	338
622123056	HIF2016_DIS00_CONV05_POST087	HIF2016_DIS00_CONV05	HIF2016_DIS00	339	341
120830511	HIF2016_DIS00_CONV05_POST087	HIF2016_DIS00_CONV05	HIF2016_DIS00	1	84
1894914506	HIF2016_DIS00_CONV05_POST087	HIF2016_DIS00_CONV05	HIF2016_DIS00	85	238
2118552042	HIF2016_DIS00_CONV05_POST087	HIF2016_DIS00_CONV05	HIF2016_DIS00	239	299
1721320560	HIF2016_DIS00_CONV05_POST087	HIF2016_DIS00_CONV05	HIF2016_DIS00	300	408
297887411	HIF2016_DIS00_CONV05_POST087	HIF2016_DIS00_CONV05	HIF2016_DIS00	409	518
1438218903	HIF2016_DIS00_CONV05_POST087	HIF2016_DIS00_CONV05	HIF2016_DIS00	1	36
235242124	HIF2016_DIS00_CONV05_POST087	HIF2016_DIS00_CONV05	HIF2016_DIS00	36	168
53208967	HIF2016_DIS00_CONV05_POST087	HIF2016_DIS00_CONV05	HIF2016_DIS00	168	207
317194806	HIF2016_DIS00_CONV05_POST087	HIF2016_DIS00_CONV05	HIF2016_DIS00	207	331
1234376236	HIF2016_DIS00_CONV05_POST087	HIF2016_DIS00_CONV05	HIF2016_DIS00	331	414
854229928	HIF2016_DIS00_CONV05_POST087	HIF2016_DIS00_CONV05	HIF2016_DIS00	414	455
1017964497	HIF2016_DIS00_CONV05_POST087	HIF2016_DIS00_CONV05	HIF2016_DIS00	455	546
498975624	HIF2016_DIS00_CONV05_POST087	HIF2016_DIS00_CONV05	HIF2016_DIS00	1	162
934253730	HIF2016_DIS00_CONV05_POST087	HIF2016_DIS00_CONV05	HIF2016_DIS00	163	165
1427662674	HIF2016_DIS00_CONV05_POST087	HIF2016_DIS00_CONV05	HIF2016_DIS00	1	88
31368484	HIF2016_DIS00_CONV05_POST088	HIF2016_DIS00_CONV05	HIF2016_DIS00	89	91
863043035	HIF2016_DIS00_CONV05_POST088	HIF2016_DIS00_CONV05	HIF2016_DIS00	1	8
1009150159	HIF2016_DIS00_CONV05_POST089	HIF2016_DIS00_CONV05	HIF2016_DIS00	1	149
54137841	HIF2016_DIS00_CONV05_POST089	HIF2016_DIS00_CONV05	HIF2016_DIS00	150	199
904327824	HIF2016_DIS00_CONV05_POST089	HIF2016_DIS00_CONV05	HIF2016_DIS00	200	216
90321911	HIF2016_DIS00_CONV05_POST089	HIF2016_DIS00_CONV05	HIF2016_DIS00	1	109
1460299314	HIF2016_DIS00_CONV05_POST089	HIF2016_DIS00_CONV05	HIF2016_DIS00	110	136
1746410368	HIF2016_DIS00_CONV05_POST089	HIF2016_DIS00_CONV05	HIF2016_DIS00	137	167
420590295	HIF2016_DIS00_CONV05_POST089	HIF2016_DIS00_CONV05	HIF2016_DIS00	168	247
2042720264	HIF2016_DIS00_CONV05_POST089	HIF2016_DIS00_CONV05	HIF2016_DIS00	248	390
1369690469	HIF2016_DIS00_CONV05_POST089	HIF2016_DIS00_CONV05	HIF2016_DIS00	391	448
232869269	HIF2016_DIS00_CONV05_POST090	HIF2016_DIS00_CONV05	HIF2016_DIS00	449	629
1537179845	HIF2016_DIS00_CONV05_POST090	HIF2016_DIS00_CONV05	HIF2016_DIS00	630	686
1427231631	HIF2016_DIS00_CONV05_POST090	HIF2016_DIS00_CONV05	HIF2016_DIS00	687	759
1476378624	HIF2016_DIS00_CONV05_POST090	HIF2016_DIS00_CONV05	HIF2016_DIS00	760	904
1602685120	HIF2016_DIS00_CONV05_POST090	HIF2016_DIS00_CONV05	HIF2016_DIS00	905	1046
728240318	HIF2016_DIS00_CONV05_POST090	HIF2016_DIS00_CONV05	HIF2016_DIS00	1047	1108
1714512304	HIF2016_DIS00_CONV05_POST090	HIF2016_DIS00_CONV05	HIF2016_DIS00	1109	1160
1729102409	HIF2016_DIS00_CONV05_POST090	HIF2016_DIS00_CONV05	HIF2016_DIS00	1	130
206364252	HIF2016_DIS00_CONV05_POST090	HIF2016_DIS00_CONV05	HIF2016_DIS00	131	220
1363862468	HIF2016_DIS00_CONV05_POST090	HIF2016_DIS00_CONV05	HIF2016_DIS00	221	301
157327649	HIF2016_DIS00_CONV05_POST090	HIF2016_DIS00_CONV05	HIF2016_DIS00	302	362
1217096894	HIF2016_DIS00_CONV05_POST090	HIF2016_DIS00_CONV05	HIF2016_DIS00	363	435
1468129626	HIF2016_DIS00_CONV05_POST091	HIF2016_DIS00_CONV05	HIF2016_DIS00	436	461
1277165005	HIF2016_DIS00_CONV05_POST091	HIF2016_DIS00_CONV05	HIF2016_DIS00	1	34
239153832	HIF2016_DIS00_CONV05_POST091	HIF2016_DIS00_CONV05	HIF2016_DIS00	35	161
148921609	HIF2016_DIS00_CONV05_POST092	HIF2016_DIS00_CONV05	HIF2016_DIS00	162	241
1754823534	HIF2016_DIS00_CONV05_POST092	HIF2016_DIS00_CONV05	HIF2016_DIS00	242	268
1948493053	HIF2016_DIS00_CONV05_POST092	HIF2016_DIS00_CONV05	HIF2016_DIS00	268	302
517991047	HIF2016_DIS00_CONV05_POST092	HIF2016_DIS00_CONV05	HIF2016_DIS00	303	351
1268535579	HIF2016_DIS00_CONV05_POST092	HIF2016_DIS00_CONV05	HIF2016_DIS00	352	403
1739811697	HIF2016_DIS00_CONV05_POST092	HIF2016_DIS00_CONV05	HIF2016_DIS00	1	36
1171683592	HIF2016_DIS00_CONV05_POST092	HIF2016_DIS00_CONV05	HIF2016_DIS00	37	103
897773364	HIF2016_DIS00_CONV05_POST092	HIF2016_DIS00_CONV05	HIF2016_DIS00	104	163
434877268	HIF2016_DIS00_CONV05_POST092	HIF2016_DIS00_CONV05	HIF2016_DIS00	164	212
1371788203	HIF2016_DIS00_CONV05_POST092	HIF2016_DIS00_CONV05	HIF2016_DIS00	213	319
619175858	HIF2016_DIS00_CONV05_POST093	HIF2016_DIS00_CONV05	HIF2016_DIS00	320	361
1761150866	HIF2016_DIS00_CONV05_POST093	HIF2016_DIS00_CONV05	HIF2016_DIS00	362	435
755427797	HIF2016_DIS00_CONV05_POST094	HIF2016_DIS00_CONV05	HIF2016_DIS00	436	476
1938181614	HIF2016_DIS00_CONV05_POST094	HIF2016_DIS00_CONV05	HIF2016_DIS00	1	94
1548202628	HIF2016_DIS00_CONV05_POST094	HIF2016_DIS00_CONV05	HIF2016_DIS00	95	251
894793342	HIF2016_DIS00_CONV05_POST094	HIF2016_DIS00_CONV05	HIF2016_DIS00	252	350
455338516	HIF2016_DIS00_CONV05_POST094	HIF2016_DIS00_CONV05	HIF2016_DIS00	351	436
984997470	HIF2016_DIS00_CONV05_POST094	HIF2016_DIS00_CONV05	HIF2016_DIS00	437	609
11045025	HIF2016_DIS00_CONV05_POST094	HIF2016_DIS00_CONV05	HIF2016_DIS00	610	715
760657871	HIF2016_DIS00_CONV05_POST094	HIF2016_DIS00_CONV05	HIF2016_DIS00	716	814
232957807	HIF2016_DIS00_CONV05_POST094	HIF2016_DIS00_CONV05	HIF2016_DIS00	815	858
2071634017	HIF2016_DIS00_CONV05_POST095	HIF2016_DIS00_CONV05	HIF2016_DIS00	859	894
955574237	HIF2016_DIS00_CONV05_POST095	HIF2016_DIS00_CONV05	HIF2016_DIS00	895	955
451784686	HIF2016_DIS00_CONV05_POST095	HIF2016_DIS00_CONV05	HIF2016_DIS00	956	1009
1219903231	HIF2016_DIS00_CONV05_POST095	HIF2016_DIS00_CONV05	HIF2016_DIS00	1010	1209
1576395914	HIF2016_DIS00_CONV05_POST095	HIF2016_DIS00_CONV05	HIF2016_DIS00	1210	1322
285560298	HIF2016_DIS00_CONV06_POST096	HIF2016_DIS00_CONV06	HIF2016_DIS00	1323	1420
840155266	HIF2016_DIS00_CONV06_POST096	HIF2016_DIS00_CONV06	HIF2016_DIS00	1421	1516
1893453109	HIF2016_DIS00_CONV06_POST096	HIF2016_DIS00_CONV06	HIF2016_DIS00	1517	1538
1380448987	HIF2016_DIS00_CONV06_POST096	HIF2016_DIS00_CONV06	HIF2016_DIS00	1	79
2133419354	HIF2016_DIS00_CONV06_POST096	HIF2016_DIS00_CONV06	HIF2016_DIS00	79	103
530646851	HIF2016_DIS00_CONV06_POST097	HIF2016_DIS00_CONV06	HIF2016_DIS00	1	47
937844856	HIF2016_DIS00_CONV06_POST097	HIF2016_DIS00_CONV06	HIF2016_DIS00	48	149
643588180	HIF2016_DIS00_CONV06_POST098	HIF2016_DIS00_CONV06	HIF2016_DIS00	150	209
385646709	HIF2016_DIS00_CONV06_POST098	HIF2016_DIS00_CONV06	HIF2016_DIS00	210	311
568407618	HIF2016_DIS00_CONV06_POST098	HIF2016_DIS00_CONV06	HIF2016_DIS00	312	368
99841490	HIF2016_DIS00_CONV06_POST098	HIF2016_DIS00_CONV06	HIF2016_DIS00	369	418
601428419	HIF2016_DIS00_CONV06_POST099	HIF2016_DIS00_CONV06	HIF2016_DIS00	419	483
1776440449	HIF2016_DIS00_CONV06_POST099	HIF2016_DIS00_CONV06	HIF2016_DIS00	484	520
754364795	HIF2016_DIS00_CONV06_POST099	HIF2016_DIS00_CONV06	HIF2016_DIS00	521	546
843757700	HIF2016_DIS00_CONV06_POST099	HIF2016_DIS00_CONV06	HIF2016_DIS00	1	53
1952421565	HIF2016_DIS00_CONV06_POST099	HIF2016_DIS00_CONV06	HIF2016_DIS00	53	135
1655455253	HIF2016_DIS00_CONV06_POST099	HIF2016_DIS00_CONV06	HIF2016_DIS00	135	251
1381380400	HIF2016_DIS00_CONV06_POST099	HIF2016_DIS00_CONV06	HIF2016_DIS00	252	420
442877924	HIF2016_DIS00_CONV06_POST100	HIF2016_DIS00_CONV06	HIF2016_DIS00	420	552
400847809	HIF2016_DIS00_CONV06_POST100	HIF2016_DIS00_CONV06	HIF2016_DIS00	552	621
1569363463	HIF2016_DIS00_CONV06_POST100	HIF2016_DIS00_CONV06	HIF2016_DIS00	621	678
995980230	HIF2016_DIS00_CONV06_POST100	HIF2016_DIS00_CONV06	HIF2016_DIS00	679	786
562811974	HIF2016_DIS00_CONV06_POST100	HIF2016_DIS00_CONV06	HIF2016_DIS00	787	936
1020680421	HIF2016_DIS00_CONV06_POST101	HIF2016_DIS00_CONV06	HIF2016_DIS00	936	989
2065093828	HIF2016_DIS00_CONV06_POST101	HIF2016_DIS00_CONV06	HIF2016_DIS00	989	1127
1019501236	HIF2016_DIS00_CONV06_POST101	HIF2016_DIS00_CONV06	HIF2016_DIS00	1128	1168
2140054510	HIF2016_DIS00_CONV06_POST102	HIF2016_DIS00_CONV06	HIF2016_DIS00	1169	1171
907948206	HIF2016_DIS00_CONV06_POST102	HIF2016_DIS00_CONV06	HIF2016_DIS00	1	55
1540084678	HIF2016_DIS00_CONV06_POST102	HIF2016_DIS00_CONV06	HIF2016_DIS00	55	126
2138158883	HIF2016_DIS00_CONV06_POST102	HIF2016_DIS00_CONV06	HIF2016_DIS00	126	143
1623127101	HIF2016_DIS00_CONV06_POST102	HIF2016_DIS00_CONV06	HIF2016_DIS00	1	44
101584904	HIF2016_DIS00_CONV06_POST102	HIF2016_DIS00_CONV06	HIF2016_DIS00	45	193
1153664047	HIF2016_DIS00_CONV06_POST102	HIF2016_DIS00_CONV06	HIF2016_DIS00	194	280
1744069197	HIF2016_DIS00_CONV06_POST102	HIF2016_DIS00_CONV06	HIF2016_DIS00	281	409
136765084	HIF2016_DIS00_CONV06_POST102	HIF2016_DIS00_CONV06	HIF2016_DIS00	410	516
628112303	HIF2016_DIS00_CONV06_POST103	HIF2016_DIS00_CONV06	HIF2016_DIS00	517	611
845368008	HIF2016_DIS00_CONV06_POST103	HIF2016_DIS00_CONV06	HIF2016_DIS00	612	724
356387317	HIF2016_DIS00_CONV06_POST103	HIF2016_DIS00_CONV06	HIF2016_DIS00	725	788
1393649241	HIF2016_DIS00_CONV06_POST104	HIF2016_DIS00_CONV06	HIF2016_DIS00	789	843
839977884	HIF2016_DIS00_CONV06_POST104	HIF2016_DIS00_CONV06	HIF2016_DIS00	844	857
1818167665	HIF2016_DIS00_CONV06_POST104	HIF2016_DIS00_CONV06	HIF2016_DIS00	1	46
1830594723	HIF2016_DIS00_CONV06_POST104	HIF2016_DIS00_CONV06	HIF2016_DIS00	46	134
340456592	HIF2016_DIS00_CONV06_POST105	HIF2016_DIS00_CONV06	HIF2016_DIS00	1	26
957608464	HIF2016_DIS00_CONV06_POST105	HIF2016_DIS00_CONV06	HIF2016_DIS00	26	159
2103746667	HIF2016_DIS00_CONV06_POST106	HIF2016_DIS00_CONV06	HIF2016_DIS00	159	222
1471242500	HIF2016_DIS00_CONV06_POST106	HIF2016_DIS00_CONV06	HIF2016_DIS00	222	252
1179309855	HIF2016_DIS00_CONV06_POST106	HIF2016_DIS00_CONV06	HIF2016_DIS00	252	398
1746459158	HIF2016_DIS00_CONV06_POST106	HIF2016_DIS00_CONV06	HIF2016_DIS00	398	492
724810112	HIF2016_DIS00_CONV06_POST106	HIF2016_DIS00_CONV06	HIF2016_DIS00	492	518
1561709405	HIF2016_DIS00_CONV06_POST106	HIF2016_DIS00_CONV06	HIF2016_DIS00	518	551
1734261654	HIF2016_DIS00_CONV06_POST106	HIF2016_DIS00_CONV06	HIF2016_DIS00	551	618
552835479	HIF2016_DIS00_CONV06_POST106	HIF2016_DIS00_CONV06	HIF2016_DIS00	1	34
684863962	HIF2016_DIS00_CONV06_POST106	HIF2016_DIS00_CONV06	HIF2016_DIS00	35	141
1250841383	HIF2016_DIS00_CONV06_POST106	HIF2016_DIS00_CONV06	HIF2016_DIS00	142	212
1598362826	HIF2016_DIS00_CONV06_POST106	HIF2016_DIS00_CONV06	HIF2016_DIS00	212	215
1702717236	HIF2016_DIS00_CONV06_POST106	HIF2016_DIS00_CONV06	HIF2016_DIS00	216	295
1654634520	HIF2016_DIS00_CONV06_POST106	HIF2016_DIS00_CONV06	HIF2016_DIS00	296	323
807480954	HIF2016_DIS00_CONV06_POST106	HIF2016_DIS00_CONV06	HIF2016_DIS00	1	90
1971130030	HIF2016_DIS00_CONV06_POST106	HIF2016_DIS00_CONV06	HIF2016_DIS00	90	182
1789970862	HIF2016_DIS00_CONV06_POST106	HIF2016_DIS00_CONV06	HIF2016_DIS00	182	255
934852397	HIF2016_DIS00_CONV06_POST106	HIF2016_DIS00_CONV06	HIF2016_DIS00	255	334
194489787	HIF2016_DIS00_CONV06_POST106	HIF2016_DIS00_CONV06	HIF2016_DIS00	334	384
1086736705	HIF2016_DIS00_CONV06_POST106	HIF2016_DIS00_CONV06	HIF2016_DIS00	1	21
1920925437	HIF2016_DIS00_CONV06_POST106	HIF2016_DIS00_CONV06	HIF2016_DIS00	22	122
584741316	HIF2016_DIS00_CONV06_POST106	HIF2016_DIS00_CONV06	HIF2016_DIS00	1	116
1875851171	HIF2016_DIS00_CONV06_POST106	HIF2016_DIS00_CONV06	HIF2016_DIS00	116	198
961272498	HIF2016_DIS00_CONV06_POST106	HIF2016_DIS00_CONV06	HIF2016_DIS00	198	294
229946633	HIF2016_DIS00_CONV06_POST106	HIF2016_DIS00_CONV06	HIF2016_DIS00	294	352
406795682	HIF2016_DIS00_CONV06_POST106	HIF2016_DIS00_CONV06	HIF2016_DIS00	1	127
2122474494	HIF2016_DIS00_CONV06_POST106	HIF2016_DIS00_CONV06	HIF2016_DIS00	128	231
475300094	HIF2016_DIS00_CONV06_POST106	HIF2016_DIS00_CONV06	HIF2016_DIS00	232	285
190479365	HIF2016_DIS00_CONV06_POST106	HIF2016_DIS00_CONV06	HIF2016_DIS00	286	372
28997300	HIF2016_DIS00_CONV06_POST106	HIF2016_DIS00_CONV06	HIF2016_DIS00	373	493
477903464	HIF2016_DIS00_CONV06_POST107	HIF2016_DIS00_CONV06	HIF2016_DIS00	494	624
1801891667	HIF2016_DIS00_CONV06_POST107	HIF2016_DIS00_CONV06	HIF2016_DIS00	625	734
2070437613	HIF2016_DIS00_CONV06_POST107	HIF2016_DIS00_CONV06	HIF2016_DIS00	1	127
1953537351	HIF2016_DIS00_CONV06_POST107	HIF2016_DIS00_CONV06	HIF2016_DIS00	127	205
199299937	HIF2016_DIS00_CONV06_POST107	HIF2016_DIS00_CONV06	HIF2016_DIS00	205	373
456461295	HIF2016_DIS00_CONV07_POST108	HIF2016_DIS00_CONV07	HIF2016_DIS00	374	441
951488167	HIF2016_DIS00_CONV07_POST108	HIF2016_DIS00_CONV07	HIF2016_DIS00	441	556
595658645	HIF2016_DIS00_CONV07_POST108	HIF2016_DIS00_CONV07	HIF2016_DIS00	1	75
273963811	HIF2016_DIS00_CONV07_POST108	HIF2016_DIS00_CONV07	HIF2016_DIS00	76	193
3112945652	HIF2016_DIS00_CONV07_POST108	HIF2016_DIS00_CONV07	HIF2016_DIS00	193	229
145700488	HIF2016_DIS00_CONV07_POST109	HIF2016_DIS00_CONV07	HIF2016_DIS00	230	232
251378255	HIF2016_DIS00_CONV07_POST109	HIF2016_DIS00_CONV07	HIF2016_DIS00	1	128
705479310	HIF2016_DIS00_CONV07_POST109	HIF2016_DIS00_CONV07	HIF2016_DIS00	128	178
14488948832	HIF2016_DIS00_CONV07_POST109	HIF2016_DIS00_CONV07	HIF2016_DIS00	178	278
435632378	HIF2016_DIS00_CONV07_POST109	HIF2016_DIS00_CONV07	HIF2016_DIS00	278	328
1401131667	HIF2016_DIS00_CONV07_POST110	HIF2016_DIS00_CONV07	HIF2016_DIS00	328	410
2119538045	HIF2016_DIS00_CONV07_POST110	HIF2016_DIS00_CONV07	HIF2016_DIS00	411	549
411782557	HIF2016_DIS00_CONV07_POST111	HIF2016_DIS00_CONV07	HIF2016_DIS00	549	655
459281953	HIF2016_DIS00_CONV07_POST111	HIF2016_DIS00_CONV07	HIF2016_DIS00	656	756
584089882	HIF2016_DIS00_CONV07_POST111	HIF2016_DIS00_CONV07	HIF2016_DIS00	756	804
1925127051	HIF2016_DIS00_CONV07_POST112	HIF2016_DIS00_CONV07	HIF2016_DIS00	1	48
1812613827	HIF2016_DIS00_CONV07_POST113	HIF2016_DIS00_CONV07	HIF2016_DIS00	49	102
1655039660	HIF2016_DIS00_CONV07_POST113	HIF2016_DIS00_CONV07	HIF2016_DIS00	103	191
400796988	HIF2016_DIS00_CONV07_POST113	HIF2016_DIS00_CONV07	HIF2016_DIS00	1	153
79176	HIF2016_DIS00_CONV07_POST114	HIF2016_DIS00_CONV07	HIF2016_DIS00	153	300
1312478122	HIF2016_DIS00_CONV07_POST114	HIF2016_DIS00_CONV07	HIF2016_DIS00	300	353
266386942	HIF2016_DIS00_CONV07_POST115	HIF2016_DIS00_CONV07	HIF2016_DIS00	353	468
140577440	HIF2016_DIS00_CONV07_POST115	HIF2016_DIS00_CONV07	HIF2016_DIS00	1	63
700231416	HIF2016_DIS00_CONV07_POST116	HIF2016_DIS00_CONV07	HIF2016_DIS00	63	128
1060173533	HIF2016_DIS00_CONV07_POST116	HIF2016_DIS00_CONV07	HIF2016_DIS00	1	66
861458396	HIF2016_DIS00_CONV07_POST116	HIF2016_DIS00_CONV07	HIF2016_DIS00	66	97
709958222	HIF2016_DIS00_CONV07_POST116	HIF2016_DIS00_CONV07	HIF2016_DIS00	97	210
457158760	HIF2016_DIS00_CONV07_POST116	HIF2016_DIS00_CONV07	HIF2016_DIS00	210	244
4511118760	HIF2016_DIS00_CONV07_POST116	HIF2016_DIS00_CONV07	HIF2016_DIS00	244	327
699565269	HIF2016_DIS00_CONV07_POST116	HIF2016_DIS00_CONV07	HIF2016_DIS00	327	478
1239538601	HIF2016_DIS00_CONV07_POST116	HIF2016_DIS00_CONV07	HIF2016_DIS00	478	645
1787551705	HIF2016_DIS00_CONV07_POST116	HIF2016_DIS00_CONV07	HIF2016_DIS00	645	754
1656600162	HIF2016_DIS00_CONV07_POST116	HIF2016_DIS00_CONV07	HIF2016_DIS00	754	801
24045149	HIF2016_DIS00_CONV07_POST116	HIF2016_DIS00_CONV07	HIF2016_DIS00	801	963
1833470795	HIF2016_DIS00_CONV08_POST117	HIF2016_DIS00_CONV08	HIF2016_DIS00	963	1125
1483500669	HIF2016_DIS00_CONV08_POST117	HIF2016_DIS00_CONV08	HIF2016_DIS00	1125	1128
331787583	HIF2016_DIS00_CONV08_POST117	HIF2016_DIS00_CONV08	HIF2016_DIS00	1129	1191
1628789984	HIF2016_DIS00_CONV08_POST117	HIF2016_DIS00_CONV08	HIF2016_DIS00	1191	1251
724357008	HIF2016_DIS00_CONV08_POST117	HIF2016_DIS00_CONV08	HIF2016_DIS00	1251	1340
1697004460	HIF2016_DIS00_CONV08_POST117	HIF2016_DIS00_CONV08	HIF2016_DIS00	1341	1442
808392665	HIF2016_DIS00_CONV08_POST118	HIF2016_DIS00_CONV08	HIF2016_DIS00	1442	1534
1325169983	HIF2016_DIS00_CONV08_POST118	HIF2016_DIS00_CONV08	HIF2016_DIS00	1534	1683
975198960	HIF2016_DIS00_CONV08_POST118	HIF2016_DIS00_CONV08	HIF2016_DIS00	1683	1730
1116105435	HIF2016_DIS00_CONV08_POST118	HIF2016_DIS00_CONV08	HIF2016_DIS00	1730	1801
1198470486	HIF2016_DIS00_CONV08_POST118	HIF2016_DIS00_CONV08	HIF2016_DIS00	1801	1804
908787970	HIF2016_DIS00_CONV08_POST118	HIF2016_DIS00_CONV08	HIF2016_DIS00	1805	1870
691708786	HIF2016_DIS00_CONV08_POST119	HIF2016_DIS00_CONV08	HIF2016_DIS00	1870	2004
1079509019	HIF2016_DIS00_CONV08_POST119	HIF2016_DIS00_CONV08	HIF2016_DIS00	2004	2090
289790400	HIF2016_DIS00_CONV08_POST119	HIF2016_DIS00_CONV08	HIF2016_DIS00	2090	2147
490418070	HIF2016_DIS00_CONV08_POST119	HIF2016_DIS00_CONV08	HIF2016_DIS00	2147	2204
886768961	HIF2016_DIS00_CONV08_POST120	HIF2016_DIS00_CONV08	HIF2016_DIS00	2204	2284
1320737345	HIF2016_DIS00_CONV08_POST120	HIF2016_DIS00_CONV08	HIF2016_DIS00	2284	2388
132506093	HIF2016_DIS00_CONV08_POST120	HIF2016_DIS00_CONV08	HIF2016_DIS00	2388	2517
1212589610	HIF2016_DIS00_CONV08_POST120	HIF2016_DIS00_CONV08	HIF2016_DIS00	2517	2616
359623097	HIF2016_DIS00_CONV08_POST121	HIF2016_DIS00_CONV08	HIF2016_DIS00	2616	2676
1299700595	HIF2016_DIS00_CONV08_POST121	HIF2016_DIS00_CONV08	HIF2016_DIS00	1	121
481121709	HIF2016_DIS00_CONV08_POST121	HIF2016_DIS00_CONV08	HIF2016_DIS00	121	207
1726857748	HIF2016_DIS00_CONV08_POST121	HIF2016_DIS00_CONV08	HIF2016_DIS00	208	280
1387255025	HIF2016_DIS00_CONV08_POST121	HIF2016_DIS00_CONV08	HIF2016_DIS00	280	344
878877225	HIF2016_DIS00_CONV08_POST121	HIF2016_DIS00_CONV08	HIF2016_DIS00	344	399
94555567	HIF2016_DIS00_CONV08_POST121	HIF2016_DIS00_CONV08	HIF2016_DIS00	1	61
874171227	HIF2016_DIS00_CONV08_POST121	HIF2016_DIS00_CONV08	HIF2016_DIS00	62	158
1800314647	HIF2016_DIS00_CONV08_POST121	HIF2016_DIS00_CONV08	HIF2016_DIS00	159	254
389897283	HIF2016_DIS00_CONV08_POST121	HIF2016_DIS00_CONV08	HIF2016_DIS00	255	308
991871728	HIF2016_DIS00_CONV08_POST121	HIF2016_DIS00_CONV08	HIF2016_DIS00	309	316
460824215	HIF2016_DIS00_CONV08_POST122	HIF2016_DIS00_CONV08	HIF2016_DIS00	0	12
902615733	HIF2016_DIS00_CONV08_POST122	HIF2016_DIS00_CONV08	HIF2016_DIS00	13	110
918328502	HIF2016_DIS00_CONV08_POST122	HIF2016_DIS00_CONV08	HIF2016_DIS00	111	206
2342437	HIF2016_DIS00_CONV08_POST122	HIF2016_DIS00_CONV08	HIF2016_DIS00	206	224
1122026893	HIF2016_DIS00_CONV08_POST123	HIF2016_DIS00_CONV08	HIF2016_DIS00	224	230
1685119795	HIF2016_DIS00_CONV08_POST123	HIF2016_DIS00_CONV08	HIF2016_DIS00	1	23
86553982	HIF2016_DIS00_CONV08_POST123	HIF2016_DIS00_CONV08	HIF2016_DIS00	24	167
117475253	HIF2016_DIS00_CONV08_POST124	HIF2016_DIS00_CONV08	HIF2016_DIS00	0	34
2035914120	HIF2016_DIS00_CONV08_POST124	HIF2016_DIS00_CONV08	HIF2016_DIS00	35	65
153773573	HIF2016_DIS00_CONV08_POST125	HIF2016_DIS00_CONV08	HIF2016_DIS00	65	72
1591321475	HIF2016_DIS00_CONV08_POST125	HIF2016_DIS00_CONV08	HIF2016_DIS00	1	24
1686363641	HIF2016_DIS00_CONV08_POST125	HIF2016_DIS00_CONV08	HIF2016_DIS00	0	62
1516281930	HIF2016_DIS00_CONV08_POST125	HIF2016_DIS00_CONV08	HIF2016_DIS00	63	84
1358884802	HIF2016_DIS00_CONV08_POST125	HIF2016_DIS00_CONV08	HIF2016_DIS00	85	146
1427023148	HIF2016_DIS00_CONV08_POST125	HIF2016_DIS00_CONV08	HIF2016_DIS00	147	158
1586423257	HIF2016_DIS00_CONV08_POST126	HIF2016_DIS00_CONV08	HIF2016_DIS00	159	187
1585558423	HIF2016_DIS00_CONV08_POST126	HIF2016_DIS00_CONV08	HIF2016_DIS00	187	193
341599240	HIF2016_DIS00_CONV08_POST126	HIF2016_DIS00_CONV08	HIF2016_DIS00	1	4
1092303454	HIF2016_DIS00_CONV08_POST126	HIF2016_DIS00_CONV08	HIF2016_DIS00	5	19
588971144	HIF2016_DIS00_CONV08_POST126	HIF2016_DIS00_CONV08	HIF2016_DIS00	20	44
2030939948	HIF2016_DIS00_CONV08_POST126	HIF2016_DIS00_CONV08	HIF2016_DIS00	1	129
847658559	HIF2016_DIS00_CONV08_POST126	HIF2016_DIS00_CONV08	HIF2016_DIS00	130	156
1326845909	HIF2016_DIS00_CONV08_POST126	HIF2016_DIS00_CONV08	HIF2016_DIS00	1	79
1648300191	HIF2016_DIS00_CONV08_POST126	HIF2016_DIS00_CONV08	HIF2016_DIS00	80	190
937833505	HIF2016_DIS00_CONV08_POST126	HIF2016_DIS00_CONV08	HIF2016_DIS00	191	220
152927186	HIF2016_DIS00_CONV08_POST126	HIF2016_DIS00_CONV08	HIF2016_DIS00	221	278
642286183	HIF2016_DIS00_CONV08_POST126	HIF2016_DIS00_CONV08	HIF2016_DIS00	279	366
27613272	HIF2016_DIS00_CONV08_POST126	HIF2016_DIS00_CONV08	HIF2016_DIS00	367	490
1296277875	HIF2016_DIS00_CONV08_POST126	HIF2016_DIS00_CONV08	HIF2016_DIS00	491	509
856517981	HIF2016_DIS00_CONV08_POST126	HIF2016_DIS00_CONV08	HIF2016_DIS00	510	588
476635087	HIF2016_DIS00_CONV08_POST126	HIF2016_DIS00_CONV08	HIF2016_DIS00	589	625
1128480764	HIF2016_DIS00_CONV08_POST126	HIF2016_DIS00_CONV08	HIF2016_DIS00	626	639
88545551	HIF2016_DIS00_CONV08_POST126	HIF2016_DIS00_CONV08	HIF2016_DIS00	1	64
1446507977	HIF2016_DIS00_CONV08_POST126	HIF2016_DIS00_CONV08	HIF2016_DIS00	64	211
801299421	HIF2016_DIS00_CONV08_POST126	HIF2016_DIS00_CONV08	HIF2016_DIS00	212	352
135619142	HIF2016_DIS00_CONV08_POST126	HIF2016_DIS00_CONV08	HIF2016_DIS00	353	444
1180594086	HIF2016_DIS00_CONV08_POST126	HIF2016_DIS00_CONV08	HIF2016_DIS00	445	622
867958167	HIF2016_DIS00_CONV08_POST126	HIF2016_DIS00_CONV08	HIF2016_DIS00	622	651
739684246	HIF2016_DIS00_CONV08_POST126	HIF2016_DIS00_CONV08	HIF2016_DIS00	1	77
895824953	HIF2016_DIS00_CONV08_POST126	HIF2016_DIS00_CONV08	HIF2016_DIS00	78	158
366958709	HIF2016_DIS00_CONV08_POST126	HIF2016_DIS00_CONV08	HIF2016_DIS00	159	269
566530641	HIF2016_DIS00_CONV08_POST126	HIF2016_DIS00_CONV08	HIF2016_DIS00	270	316
885619074	HIF2016_DIS00_CONV08_POST126	HIF2016_DIS00_CONV08	HIF2016_DIS00	317	486
56876281	HIF2016_DIS00_CONV08_POST126	HIF2016_DIS00_CONV08	HIF2016_DIS00	487	505
216371432	HIF2016_DIS00_CONV08_POST126	HIF2016_DIS00_CONV08	HIF2016_DIS00	506	536
796668396	HIF2016_DIS00_CONV08_POST126	HIF2016_DIS00_CONV08	HIF2016_DIS00	537	539
1432679927	HIF2016_DIS00_CONV08_POST126	HIF2016_DIS00_CONV08	HIF2016_DIS00	1	110
1289945988	HIF2016_DIS00_CONV08_POST126	HIF2016_DIS00_CONV08	HIF2016_DIS00	110	196
498717933	HIF2016_DIS00_CONV08_POST126	HIF2016_DIS00_CONV08	HIF2016_DIS00	196	211
344666658	HIF2016_DIS00_CONV08_POST127	HIF2016_DIS00_CONV08	HIF2016_DIS00	212	262
987081024	HIF2016_DIS00_CONV08_POST127	HIF2016_DIS00_CONV08	HIF2016_DIS00	262	316
1718822091	HIF2016_DIS00_CONV08_POST127	HIF2016_DIS00_CONV08	HIF2016_DIS00	316	319
1804066382	HIF2016_DIS00_CONV08_POST128	HIF2016_DIS00_CONV08	HIF2016_DIS00	1	36
1822897090	HIF2016_DIS00_CONV08_POST128	HIF2016_DIS00_CONV08	HIF2016_DIS00	37	96
639395559	HIF2016_DIS00_CONV08_POST128	HIF2016_DIS00_CONV08	HIF2016_DIS00	97	157
950604551	HIF2016_DIS00_CONV08_POST128	HIF2016_DIS00_CONV08	HIF2016_DIS00	158	208
570453438	HIF2016_DIS00_CONV08_POST128	HIF2016_DIS00_CONV08	HIF2016_DIS00	0	80
1958710992	HIF2016_DIS00_CONV08_POST129	HIF2016_DIS00_CONV08	HIF2016_DIS00	81	191
1829346094	HIF2016_DIS00_CONV08_POST129	HIF2016_DIS00_CONV08	HIF2016_DIS00	191	209
1230129427	HIF2016_DIS00_CONV08_POST129	HIF2016_DIS00_CONV08	HIF2016_DIS00	209	336
1700294418	HIF2016_DIS00_CONV08_POST129	HIF2016_DIS00_CONV08	HIF2016_DIS00	336	434
37893369	HIF2016_DIS00_CONV08_POST129	HIF2016_DIS00_CONV08	HIF2016_DIS00	435	469
1348260492	HIF2016_DIS00_CONV08_POST129	HIF2016_DIS00_CONV08	HIF2016_DIS00	470	500
2109741284	HIF2016_DIS00_CONV08_POST130	HIF2016_DIS00_CONV08	HIF2016_DIS00	500	601
1192827740	HIF2016_DIS00_CONV08_POST130	HIF2016_DIS00_CONV08	HIF2016_DIS00	601	651
816086877	HIF2016_DIS00_CONV08_POST130	HIF2016_DIS00_CONV08	HIF2016_DIS00	651	771
1049664359	HIF2016_DIS00_CONV08_POST130	HIF2016_DIS00_CONV08	HIF2016_DIS00	772	841
1826069552	HIF2016_DIS00_CONV08_POST130	HIF2016_DIS00_CONV08	HIF2016_DIS00	842	897
746446905	HIF2016_DIS00_CONV08_POST130	HIF2016_DIS00_CONV08	HIF2016_DIS00	1	43
1188272897	HIF2016_DIS00_CONV08_POST130	HIF2016_DIS00_CONV08	HIF2016_DIS00	44	95
1983179387	HIF2016_DIS00_CONV08_POST131	HIF2016_DIS00_CONV08	HIF2016_DIS00	96	162
21822081	HIF2016_DIS00_CONV08_POST131	HIF2016_DIS00_CONV08	HIF2016_DIS00	163	167
1055979405	HIF2016_DIS00_CONV09_POST132	HIF2016_DIS00_CONV09	HIF2016_DIS00	1	75
1393024063	HIF2016_DIS00_CONV09_POST132	HIF2016_DIS00_CONV09	HIF2016_DIS00	75	110
1250140934	HIF2016_DIS00_CONV09_POST132	HIF2016_DIS00_CONV09	HIF2016_DIS00	111	141
729208689	HIF2016_DIS00_CONV09_POST132	HIF2016_DIS00_CONV09	HIF2016_DIS00	142	146
1719360905	HIF2016_DIS00_CONV09_POST132	HIF2016_DIS00_CONV09	HIF2016_DIS00	147	149
431421872	HIF2016_DIS00_CONV09_POST132	HIF2016_DIS00_CONV09	HIF2016_DIS00	1	8
1435931930	HIF2016_DIS00_CONV09_POST132	HIF2016_DIS00_CONV09	HIF2016_DIS00	8	48
771840603	HIF2016_DIS00_CONV09_POST132	HIF2016_DIS00_CONV09	HIF2016_DIS00	48	51
602890240	HIF2016_DIS00_CONV09_POST132	HIF2016_DIS00_CONV09	HIF2016_DIS00	1	271
94744204	HIF2016_DIS00_CONV09_POST132	HIF2016_DIS00_CONV09	HIF2016_DIS00	272	379
1037044296	HIF2016_DIS00_CONV09_POST132	HIF2016_DIS00_CONV09	HIF2016_DIS00	380	442
1043967202	HIF2016_DIS00_CONV09_POST133	HIF2016_DIS00_CONV09	HIF2016_DIS00	443	638
331750731	HIF2016_DIS00_CONV09_POST133	HIF2016_DIS00_CONV09	HIF2016_DIS00	639	750
941065789	HIF2016_DIS00_CONV09_POST133	HIF2016_DIS00_CONV09	HIF2016_DIS00	751	918
1505276723	HIF2016_DIS00_CONV09_POST133	HIF2016_DIS00_CONV09	HIF2016_DIS00	1	66
1227329365	HIF2016_DIS00_CONV09_POST133	HIF2016_DIS00_CONV09	HIF2016_DIS00	66	121
1159662637	HIF2016_DIS00_CONV09_POST133	HIF2016_DIS00_CONV09	HIF2016_DIS00	121	211
2060458671	HIF2016_DIS00_CONV09_POST133	HIF2016_DIS00_CONV09	HIF2016_DIS00	211	326
20899958671	HIF2016_DIS00_CONV09_POST133	HIF2016_DIS00_CONV09	HIF2016_DIS00	326	427
157766981	HIF2016_DIS00_CONV09_POST133	HIF2016_DIS00_CONV09	HIF2016_DIS00	427	517
1148890276	HIF2016_DIS00_CONV09_POST133	HIF2016_DIS00_CONV09	HIF2016_DIS00	517	560
660054645	HIF2016_DIS00_CONV09_POST133	HIF2016_DIS00_CONV09	HIF2016_DIS00	560	608
1158365112	HIF2016_DIS00_CONV09_POST133	HIF2016_DIS00_CONV09	HIF2016_DIS00	608	631
530995209	HIF2016_DIS00_CONV09_POST133	HIF2016_DIS00_CONV09	HIF2016_DIS00	631	838
1525586811	HIF2016_DIS00_CONV09_POST133	HIF2016_DIS00_CONV09	HIF2016_DIS00	838	901
1783514559	HIF2016_DIS00_CONV09_POST133	HIF2016_DIS00_CONV09	HIF2016_DIS00	902	982
2056906621	HIF2016_DIS00_CONV09_POST133	HIF2016_DIS00_CONV09	HIF2016_DIS00	982	1052
112619464	HIF2016_DIS00_CONV09_POST133	HIF2016_DIS00_CONV09	HIF2016_DIS00	1052	1084
1734446605	HIF2016_DIS00_CONV09_POST133	HIF2016_DIS00_CONV09	HIF2016_DIS00	1084	1172
1043398191	HIF2016_DIS00_CONV09_POST133	HIF2016_DIS00_CONV09	HIF2016_DIS00	1172	1234
2005556055	HIF2016_DIS00_CONV09_POST133	HIF2016_DIS00_CONV09	HIF2016_DIS00	1235	1288
860922362	HIF2016_DIS00_CONV09_POST133	HIF2016_DIS00_CONV09	HIF2016_DIS00	1288	1336
1089013495	HIF2016_DIS00_CONV09_POST134	HIF2016_DIS00_CONV09	HIF2016_DIS00	1337	1383
485351472	HIF2016_DIS00_CONV09_POST134	HIF2016_DIS00_CONV09	HIF2016_DIS00	1383	1453
1345628474	HIF2016_DIS00_CONV09_POST135	HIF2016_DIS00_CONV09	HIF2016_DIS00	1453	1531
9995628474	HIF2016_DIS00_CONV09_POST135	HIF2016_DIS00_CONV09	HIF2016_DIS00	1531	1579
1634760989	HIF2016_DIS00_CONV09_POST135	HIF2016_DIS00_CONV09	HIF2016_DIS00	1579	1648
1578286626	HIF2016_DIS00_CONV09_POST135	HIF2016_DIS00_CONV09	HIF2016_DIS00	1648	1754
1841090625	HIF2016_DIS00_CONV09_POST135	HIF2016_DIS00_CONV09	HIF2016_DIS00	1754	1837
246119931	HIF2016_DIS00_CONV09_POST135	HIF2016_DIS00_CONV09	HIF2016_DIS00	1838	2025
1351140668	HIF2016_DIS00_CONV09_POST135	HIF2016_DIS00_CONV09	HIF2016_DIS00	2025	2097
1207038214	HIF2016_DIS00_CONV09_POST136	HIF2016_DIS00_CONV09	HIF2016_DIS00	2097	2229
1983934547	HIF2016_DIS00_CONV09_POST136	HIF2016_DIS00_CONV09	HIF2016_DIS00	2229	2306
542998692	HIF2016_DIS00_CONV09_POST136	HIF2016_DIS00_CONV09	HIF2016_DIS00	2306	2341
451362489	HIF2016_DIS00_CONV09_POST136	HIF2016_DIS00_CONV09	HIF2016_DIS00	2341	2446
501637567	HIF2016_DIS00_CONV09_POST137	HIF2016_DIS00_CONV09	HIF2016_DIS00	2447	2592
1630673542	HIF2016_DIS00_CONV09_POST137	HIF2016_DIS00_CONV09	HIF2016_DIS00	2592	2652
7770673542	HIF2016_DIS00_CONV09_POST137	HIF2016_DIS00_CONV09	HIF2016_DIS00	2652	2752
1300469610	HIF2016_DIS00_CONV09_POST137	HIF2016_DIS00_CONV09	HIF2016_DIS00	1	57
255646674	HIF2016_DIS00_CONV09_POST137	HIF2016_DIS00_CONV09	HIF2016_DIS00	57	98
689824936	HIF2016_DIS00_CONV09_POST137	HIF2016_DIS00_CONV09	HIF2016_DIS00	98	212
771967398	HIF2016_DIS00_CONV09_POST138	HIF2016_DIS00_CONV09	HIF2016_DIS00	1	7
368291407	HIF2016_DIS00_CONV09_POST138	HIF2016_DIS00_CONV09	HIF2016_DIS00	8	113
1342377961	HIF2016_DIS00_CONV09_POST139	HIF2016_DIS00_CONV09	HIF2016_DIS00	113	211
1139540056	HIF2016_DIS00_CONV09_POST139	HIF2016_DIS00_CONV09	HIF2016_DIS00	211	316
1858569780	HIF2016_DIS00_CONV09_POST139	HIF2016_DIS00_CONV09	HIF2016_DIS00	317	387
2056145496	HIF2016_DIS00_CONV09_POST139	HIF2016_DIS00_CONV09	HIF2016_DIS00	387	469
120639784	HIF2016_DIS00_CONV09_POST139	HIF2016_DIS00_CONV09	HIF2016_DIS00	470	472
1533880875	HIF2016_DIS00_CONV09_POST139	HIF2016_DIS00_CONV09	HIF2016_DIS00	1	74
1684945	HIF2016_DIS00_CONV09_POST139	HIF2016_DIS00_CONV09	HIF2016_DIS00	75	150
152268655	HIF2016_DIS00_CONV09_POST139	HIF2016_DIS00_CONV09	HIF2016_DIS00	151	267
1638932654	HIF2016_DIS00_CONV09_POST139	HIF2016_DIS00_CONV09	HIF2016_DIS00	268	381
1682747464	HIF2016_DIS00_CONV09_POST139	HIF2016_DIS00_CONV09	HIF2016_DIS00	382	436
104888533	HIF2016_DIS00_CONV09_POST139	HIF2016_DIS00_CONV09	HIF2016_DIS00	437	489
650514535	HIF2016_DIS00_CONV09_POST139	HIF2016_DIS00_CONV09	HIF2016_DIS00	1	54
1775365146	HIF2016_DIS00_CONV09_POST139	HIF2016_DIS00_CONV09	HIF2016_DIS00	55	122
18278634	HIF2016_DIS00_CONV09_POST139	HIF2016_DIS00_CONV09	HIF2016_DIS00	124	186
1348102938	HIF2016_DIS00_CONV09_POST139	HIF2016_DIS00_CONV09	HIF2016_DIS00	187	357
1220278406	HIF2016_DIS00_CONV09_POST139	HIF2016_DIS00_CONV09	HIF2016_DIS00	358	395
76922573	HIF2016_DIS00_CONV09_POST139	HIF2016_DIS00_CONV09	HIF2016_DIS00	396	424
23887342	HIF2016_DIS00_CONV09_POST140	HIF2016_DIS00_CONV09	HIF2016_DIS00	425	452
515964681	HIF2016_DIS00_CONV09_POST140	HIF2016_DIS00_CONV09	HIF2016_DIS00	453	583
1283931516	HIF2016_DIS00_CONV09_POST140	HIF2016_DIS00_CONV09	HIF2016_DIS00	1	55
1986615645	HIF2016_DIS00_CONV09_POST141	HIF2016_DIS00_CONV09	HIF2016_DIS00	56	124
1932033733	HIF2016_DIS00_CONV09_POST141	HIF2016_DIS00_CONV09	HIF2016_DIS00	124	223
636789931	HIF2016_DIS00_CONV09_POST141	HIF2016_DIS00_CONV09	HIF2016_DIS00	224	226
1014035342	HIF2016_DIS00_CONV09_POST141	HIF2016_DIS00_CONV09	HIF2016_DIS00	1	153
150110525	HIF2016_DIS00_CONV09_POST141	HIF2016_DIS00_CONV09	HIF2016_DIS00	153	204
899138010	HIF2016_DIS00_CONV09_POST142	HIF2016_DIS00_CONV09	HIF2016_DIS00	204	238
1044146381	HIF2016_DIS00_CONV09_POST142	HIF2016_DIS00_CONV09	HIF2016_DIS00	238	292
1331413426	HIF2016_DIS00_CONV09_POST142	HIF2016_DIS00_CONV09	HIF2016_DIS00	292	358
68108188	HIF2016_DIS00_CONV09_POST142	HIF2016_DIS00_CONV09	HIF2016_DIS00	358	440
1281192510	HIF2016_DIS00_CONV09_POST142	HIF2016_DIS00_CONV09	HIF2016_DIS00	441	528
963631960	HIF2016_DIS00_CONV09_POST142	HIF2016_DIS00_CONV09	HIF2016_DIS00	528	641
397449997	HIF2016_DIS00_CONV09_POST142	HIF2016_DIS00_CONV09	HIF2016_DIS00	642	774
1186666974	HIF2016_DIS00_CONV09_POST142	HIF2016_DIS00_CONV09	HIF2016_DIS00	774	911
742523898	HIF2016_DIS00_CONV09_POST143	HIF2016_DIS00_CONV09	HIF2016_DIS00	911	967
672216460	HIF2016_DIS00_CONV09_POST143	HIF2016_DIS00_CONV09	HIF2016_DIS00	1	19
1688051924	HIF2016_DIS00_CONV09_POST143	HIF2016_DIS00_CONV09	HIF2016_DIS00	20	33
512040295	HIF2016_DIS00_CONV09_POST144	HIF2016_DIS00_CONV09	HIF2016_DIS00	33	145
843088152	HIF2016_DIS00_CONV09_POST144	HIF2016_DIS00_CONV09	HIF2016_DIS00	145	275
443629819	HIF2016_DIS00_CONV09_POST144	HIF2016_DIS00_CONV09	HIF2016_DIS00	276	317
1187285920	HIF2016_DIS00_CONV09_POST145	HIF2016_DIS00_CONV09	HIF2016_DIS00	317	448
677018749	HIF2016_DIS00_CONV09_POST145	HIF2016_DIS00_CONV09	HIF2016_DIS00	449	496
1466068338	HIF2016_DIS00_CONV09_POST145	HIF2016_DIS00_CONV09	HIF2016_DIS00	497	673
814174208	HIF2016_DIS00_CONV09_POST146	HIF2016_DIS00_CONV09	HIF2016_DIS00	674	767
495818106	HIF2016_DIS00_CONV09_POST146	HIF2016_DIS00_CONV09	HIF2016_DIS00	768	890
